rxn_number,functional,program,R1_energy_kcal_mol,R2_energy_kcal_mol,TS_energy_kcal_mol,P1_energy_kcal_mol,P2_energy_kcal_mol,R1_cpu_time_s,R2_cpu_time_s,TS_cpu_time_s,P1_cpu_time_s,P2_cpu_time_s
1,B2GP-PLYP-D4,ORCA,-386832.74364861,,-386820.02013207,-386827.42787510,,3250.08000000,,3417.84000000,2991.46800000,
1,B3PW91-D4,Q-Chem,-387099.85152261,,-387091.27156909,-387099.14942075,,19911.01000000,,22149.07000000,18786.26000000,
1,B97M-V,Q-Chem,-387238.62462536,,-387231.29849870,-387238.59227888,,8309.43000000,,8700.59000000,8941.79000000,
1,M06-2X-D30,ORCA,-387057.30994081,,-387047.31224295,-387056.90931836,,2551.91200000,,3139.32800000,2640.92000000,
1,M06-D4,Q-Chem,-386917.93030377,,-386910.12785762,-386920.40269334,,35662.79000000,,28420.06000000,32050.58000000,
1,OLYP-D3BJ,Q-Chem,-387178.18152233,,-387170.31534989,-387177.58231690,,4688.55000000,,5396.98000000,4733.08000000,
1,wB97M-V,Q-Chem,-387052.60798748,,-387042.98023058,-387051.95938343,,19746.38000000,,22052.76000000,21907.57000000,
2,B2GP-PLYP-D4,ORCA,-386827.42787510,,-386825.07831085,-386844.05976122,,2991.46800000,,3639.73200000,3127.90800000,
2,B3PW91-D4,Q-Chem,-387099.14942075,,-387097.37580574,-387113.98623491,,18786.26000000,,18056.54000000,18395.40000000,
2,B97M-V,Q-Chem,-387238.59227888,,-387237.95887192,-387253.49214118,,8941.79000000,,8820.56000000,8115.94000000,
2,M06-2X-D30,ORCA,-387056.90931836,,-387053.99292407,-387070.67688086,,2640.92000000,,2575.44800000,2634.48800000,
2,M06-D4,Q-Chem,-386920.40269334,,-386916.53815952,-386932.92113368,,32050.58000000,,32825.88000000,32262.06000000,
2,OLYP-D3BJ,Q-Chem,-387177.58231690,,-387176.37361099,-387191.78379093,,4733.08000000,,4847.30000000,4210.71000000,
2,wB97M-V,Q-Chem,-387051.95938343,,-387048.63454129,-387066.44724427,,21907.57000000,,19371.57000000,19174.86000000,
3,B2GP-PLYP-D4,ORCA,-523266.22210191,,-523251.96142797,-523275.36347956,,1187.17600000,,1476.98400000,1458.87200000,
3,B3PW91-D4,Q-Chem,-523486.54345343,,-523475.54701849,-523495.66485986,,7802.56000000,,10276.13000000,10075.46000000,
3,B97M-V,Q-Chem,-523552.46424727,,-523540.79521578,-523562.04712915,,3693.67000000,,5086.79000000,5304.96000000,
3,M06-2X-D30,ORCA,-523483.21486522,,-523468.73781086,-523492.15310175,,1139.78400000,,1520.44800000,1511.78400000,
3,M06-D4,Q-Chem,-523397.69946044,,-523384.55231206,-523406.71672489,,11192.65000000,,17118.53000000,15251.10000000,
3,OLYP-D3BJ,Q-Chem,-523577.11692083,,-523568.90468336,-523585.01928853,,2108.48000000,,2743.81000000,2616.26000000,
3,wB97M-V,Q-Chem,-523501.28532641,,-523488.09181549,-523512.93009205,,8026.83000000,,11550.53000000,10713.64000000,
4,B2GP-PLYP-D4,ORCA,-523266.22210191,,-523248.14701159,-523280.48258544,,1187.17600000,,1432.02400000,1319.16800000,
4,B3PW91-D4,Q-Chem,-523486.54345343,,-523472.91340040,-523501.13151097,,7802.56000000,,9067.46000000,8141.71000000,
4,B97M-V,Q-Chem,-523552.46424727,,-523537.05889645,-523566.39428360,,3693.67000000,,4902.18000000,4624.32000000,
4,M06-2X-D30,ORCA,-523483.21486522,,-523466.15785899,-523497.51912120,,1139.78400000,,1587.43200000,1501.60800000,
4,M06-D4,Q-Chem,-523397.69946044,,-523382.27573326,-523412.32975614,,11192.65000000,,13977.88000000,15394.04000000,
4,OLYP-D3BJ,Q-Chem,-523577.11692083,,-523566.24536060,-523589.74880272,,2108.48000000,,2690.71000000,2667.58000000,
4,wB97M-V,Q-Chem,-523501.28532641,,-523485.12118470,-523517.75420763,,8026.83000000,,10753.07000000,11505.48000000,
5,B2GP-PLYP-D4,ORCA,-107144.50903030,-168860.55728334,-276013.09974255,-276033.42224927,,72.34000000,339.28800000,1112.97200000,927.31600000,
5,B3PW91-D4,Q-Chem,-107204.11197427,-168970.97037735,-276183.63786640,-276200.36361650,,390.70000000,2984.81000000,10059.09000000,9823.64000000,
5,B97M-V,Q-Chem,-107239.52120753,-169014.19020385,-276259.01297929,-276274.83140180,,396.49000000,3023.68000000,9933.72000000,9915.50000000,
5,M06-2X-D30,ORCA,-107201.86959153,-168949.51447724,-276158.76254535,-276179.39221453,,106.98400000,462.73600000,1108.77600000,1016.49600000,
5,M06-D4,Q-Chem,-107168.93740044,-168908.42818702,-276085.96322941,-276103.62609843,,399.37000000,2999.18000000,9991.82000000,9469.08000000,
5,OLYP-D3BJ,Q-Chem,-107226.63581871,-169001.31255869,-276237.46082842,-276249.62803770,,384.93000000,2879.23000000,10151.14000000,9897.98000000,
5,wB97M-V,Q-Chem,-107202.08469131,-168949.57159237,-276157.80859942,-276178.45353214,,365.09000000,3071.53000000,9934.51000000,10013.80000000,
6,B2GP-PLYP-D4,ORCA,-107144.50903030,-168860.55728334,-276008.15019030,-276048.79272990,,72.34000000,339.28800000,1100.08000000,1090.27200000,
6,B3PW91-D4,Q-Chem,-107204.11197427,-168970.97037735,-276177.87507349,-276219.23188383,,390.70000000,2984.81000000,8729.71000000,9508.75000000,
6,B97M-V,Q-Chem,-107239.52120753,-169014.19020385,-276256.14608938,-276296.75839905,,396.49000000,3023.68000000,9159.22000000,9795.87000000,
6,M06-2X-D30,ORCA,-107201.86959153,-168949.51447724,-276155.37614123,-276195.83546150,,106.98400000,462.73600000,1259.12000000,1044.67200000,
6,M06-D4,Q-Chem,-107168.93740044,-168908.42818702,-276083.08160137,-276121.48915999,,399.37000000,2999.18000000,8679.62000000,9899.08000000,
6,OLYP-D3BJ,Q-Chem,-107226.63581871,-169001.31255869,-276232.05091503,-276270.83073632,,384.93000000,2879.23000000,8548.61000000,9766.19000000,
6,wB97M-V,Q-Chem,-107202.08469131,-168949.57159237,-276153.61560679,-276196.15045283,,365.09000000,3071.53000000,8790.72000000,9689.98000000,
7,B2GP-PLYP-D4,ORCA,-386358.29479462,,-386352.11180885,-386372.07136438,,2397.92000000,,2254.76000000,2301.80000000,
7,B3PW91-D4,Q-Chem,-386602.61550824,,-386599.86343092,-386616.88011444,,14099.37000000,,16429.13000000,14401.24000000,
7,B97M-V,Q-Chem,-386708.25700083,,-386704.42937504,-386719.92596355,,6946.20000000,,7815.67000000,6348.72000000,
7,M06-2X-D30,ORCA,-386564.20112707,,-386556.45870678,-386578.01458231,,2414.02400000,,2520.75200000,2215.28000000,
7,M06-D4,Q-Chem,-386461.71488034,,-386455.30447026,-386474.25531326,,20859.69000000,,28911.17000000,23537.57000000,
7,OLYP-D3BJ,Q-Chem,-386672.00291833,,-386671.77138991,-386682.15937507,,12695.02000000,,4027.65000000,3151.46000000,
7,wB97M-V,Q-Chem,-386557.64185224,,-386549.50735121,-386573.05726473,,16024.82000000,,16609.25000000,17915.75000000,
8,B2GP-PLYP-D4,ORCA,-98595.38783790,-601193.40338429,-699789.81099855,-699823.43870455,,92.99200000,35.36800000,394.08000000,364.70400000,
8,B3PW91-D4,Q-Chem,-98674.23776521,-601376.02338032,-700053.96114642,-700086.54726897,,726.74000000,98.47000000,2252.67000000,2258.86000000,
8,B97M-V,Q-Chem,-98703.35533590,-601252.77699507,-699958.63541089,-699990.93271134,,461.83000000,130.72000000,1664.91000000,1772.74000000,
8,M06-2X-D30,ORCA,-98651.52417887,-601402.04826032,-700054.94300752,-700088.10981149,,187.56800000,72.77600000,654.99200000,584.51200000,
8,M06-D4,Q-Chem,-98621.93379800,-601377.43500191,-700002.82905903,-700034.94991228,,1313.24000000,180.63000000,4091.27000000,4591.00000000,
8,OLYP-D3BJ,Q-Chem,-98682.71767357,-601461.06634803,-700150.33039579,-700179.60386319,,221.91000000,57.15000000,807.66000000,659.35000000,
8,wB97M-V,Q-Chem,-98639.09944851,-601369.51068386,-700010.35776308,-700044.86234771,,801.22000000,185.41000000,3593.13000000,2911.00000000,
9,B2GP-PLYP-D4,ORCA,-385623.34162619,,-385610.28325145,-385627.28520862,,1897.48800000,,2180.92000000,2006.81600000,
9,B3PW91-D4,Q-Chem,-385863.49415345,,-385855.74225933,-385871.43254735,,12435.87000000,,14468.65000000,15097.81000000,
9,B97M-V,Q-Chem,-385969.39539839,,-385959.66750691,-385975.08550380,,6376.96000000,,6820.26000000,8158.54000000,
9,M06-2X-D30,ORCA,-385828.77973299,,-385816.39858860,-385834.42392179,,2302.55200000,,2383.66400000,2455.18400000,
9,M06-D4,Q-Chem,-385723.20090806,,-385713.11379802,-385730.42779755,,23531.30000000,,23167.76000000,23263.23000000,
9,OLYP-D3BJ,Q-Chem,-385935.43597525,,-385930.22730886,-385942.27497099,,3507.87000000,,3893.99000000,3588.01000000,
9,wB97M-V,Q-Chem,-385826.49035875,,-385815.82931754,-385836.19296699,,14710.18000000,,15254.56000000,17004.58000000,
10,B2GP-PLYP-D4,ORCA,-121069.55866863,,-121053.90971330,-96082.79103790,-24981.17778091,174.18000000,,132.42400000,53.54400000,21.99200000
10,B3PW91-D4,Q-Chem,-121147.69053582,,-121130.37793608,-96132.77883750,-25004.06737715,563.64000000,,653.10000000,171.20000000,49.50000000
10,B97M-V,Q-Chem,-121170.67517542,,-121152.42958897,-96150.31977471,-25009.06320342,538.26000000,,538.03000000,260.60000000,56.58000000
10,M06-2X-D30,ORCA,-121127.84353918,,-121110.52674625,-96125.16231518,-24993.48241037,196.61600000,,203.02400000,98.98400000,52.43200000
10,M06-D4,Q-Chem,-121103.75435784,,-121088.00802520,-96107.18579709,-24988.03588028,1134.22000000,,1291.10000000,393.55000000,97.92000000
10,OLYP-D3BJ,Q-Chem,-121163.64562180,,-121149.20338586,-96149.74045461,-25002.28520894,235.05000000,,210.70000000,89.47000000,32.08000000
10,wB97M-V,Q-Chem,-121124.13944101,,-121106.59955444,-96126.87809371,-24988.15092699,1012.81000000,,868.56000000,268.15000000,74.13000000
11,B2GP-PLYP-D4,ORCA,-343940.50493927,,-343932.96268355,-216334.91636793,-127605.24689125,1296.07200000,,1117.59200000,375.88800000,74.33600000
11,B3PW91-D4,Q-Chem,-344139.85778191,,-344128.47559122,-216460.80897823,-127672.08880283,11215.10000000,,7706.80000000,2301.16000000,268.28000000
11,B97M-V,Q-Chem,-344235.99646623,,-344222.88537115,-216527.44758114,-127700.07186716,4556.57000000,,4712.69000000,1424.27000000,263.32000000
11,M06-2X-D30,ORCA,-344117.54754223,,-344107.02706425,-216448.07642094,-127665.05935183,1415.99200000,,1118.13600000,517.24000000,118.69600000
11,M06-D4,Q-Chem,-344029.48292556,,-344018.10588057,-216383.52973489,-127640.51731664,15559.52000000,,12519.95000000,4144.60000000,519.30000000
11,OLYP-D3BJ,Q-Chem,-344224.87649199,,-344213.48908531,-216507.34880815,-127706.49968304,2553.59000000,,2130.22000000,679.36000000,115.91000000
11,wB97M-V,Q-Chem,-344125.83204204,,-344114.65661203,-216450.87089950,-127671.08770342,14181.09000000,,9124.12000000,2806.32000000,397.82000000
12,B2GP-PLYP-D4,ORCA,-405424.71013235,-98597.51708557,-504022.83065956,-504059.45964264,,321.32800000,116.76000000,1421.55200000,1314.66400000,
12,B3PW91-D4,Q-Chem,-405614.54214019,-98675.96248053,-504293.99567237,-504330.17630456,,2005.76000000,778.07000000,8172.54000000,9450.96000000,
12,B97M-V,Q-Chem,-405609.96041327,-98705.50224451,-504316.95233528,-504351.97052928,,1158.82000000,585.44000000,4765.03000000,5094.44000000,
12,M06-2X-D30,ORCA,-405608.50169693,-98653.66943845,-504262.79651966,-504297.48931944,,401.49600000,173.12000000,1236.16800000,1308.76000000,
12,M06-D4,Q-Chem,-405553.21565564,-98624.14782615,-504181.35164992,-504214.88005661,,3325.66000000,1319.83000000,15086.55000000,14232.56000000,
12,OLYP-D3BJ,Q-Chem,-405681.06996137,-98684.78931743,-504371.95024721,-504405.07023897,,530.37000000,271.29000000,2169.43000000,2484.27000000,
12,wB97M-V,Q-Chem,-405594.34442935,-98641.38547490,-504236.68388649,-504273.15654931,,2453.48000000,838.31000000,9409.98000000,10698.28000000,
13,B2GP-PLYP-D4,ORCA,-121069.55866863,-165001.85693940,-286060.92724629,-286091.85278546,,174.18000000,123.49200000,2177.63200000,935.46400000,
13,B3PW91-D4,Q-Chem,-121147.69053582,-165083.02811026,-286230.44865378,-286252.71798137,,563.64000000,634.87000000,4705.66000000,4963.34000000,
13,B97M-V,Q-Chem,-121170.67517542,-165139.03743310,-286312.71814728,-286329.55675773,,538.26000000,567.28000000,4440.72000000,5017.02000000,
13,M06-2X-D30,ORCA,-121127.84353918,-165088.37989165,-286208.61183812,-286240.19310944,,196.61600000,148.04000000,1682.38400000,797.42400000,
13,M06-D4,Q-Chem,-121103.75435784,-165037.72498937,-286140.29526577,-286164.65699443,,1134.22000000,613.85000000,4751.30000000,5019.29000000,
13,OLYP-D3BJ,Q-Chem,-121163.64562180,-165124.16513020,-286295.96215267,-286305.88604228,,235.05000000,631.87000000,4546.68000000,5001.74000000,
13,wB97M-V,Q-Chem,-121124.13944101,-165094.79220399,-286210.25589010,-286241.31365215,,1012.81000000,633.44000000,4780.61000000,5083.18000000,
14,B2GP-PLYP-D4,ORCA,-121065.12529316,-122470.37099223,-243551.15592745,-243582.30855124,,114.03200000,121.46400000,827.85600000,808.46400000,
14,B3PW91-D4,Q-Chem,-121143.30031953,-122563.83426008,-243725.87703229,-243754.63245350,,633.05000000,893.68000000,5375.70000000,5043.32000000,
14,B97M-V,Q-Chem,-121166.75714598,-122603.24687242,-243789.47325704,-243815.17724846,,571.15000000,666.77000000,2888.16000000,2639.08000000,
14,M06-2X-D30,ORCA,-121123.55956262,-122542.28654431,-243681.34992548,-243713.86534053,,209.48000000,207.84000000,971.17600000,870.56000000,
14,M06-D4,Q-Chem,-121098.54870193,-122504.08676018,-243625.26826573,-243651.55171556,,1454.51000000,1774.79000000,9585.00000000,8586.60000000,
14,OLYP-D3BJ,Q-Chem,-121159.70941648,-122579.24856150,-243759.57148314,-243782.66497518,,217.88000000,348.18000000,1479.73000000,1514.80000000,
14,wB97M-V,Q-Chem,-121119.89348288,-122530.54068538,-243665.79990077,-243697.05049002,,1094.07000000,1123.34000000,6080.70000000,6334.40000000,
15,B2GP-PLYP-D4,ORCA,-192185.04484790,-49282.69538797,-241442.97724766,-241475.46365603,,292.06000000,32.50400000,902.72800000,826.77200000,
15,B3PW91-D4,Q-Chem,-192292.34329564,-49320.78086398,-241590.65878206,-241621.11440249,,1212.32000000,83.51000000,3294.74000000,3690.00000000,
15,B97M-V,Q-Chem,-192331.08283741,-49335.76760007,-241642.85339789,-241671.01256768,,1212.77000000,80.51000000,3309.43000000,3665.71000000,
15,M06-2X-D30,ORCA,-192269.61244598,-49310.26927979,-241560.41557912,-241595.63307294,,287.44000000,67.16000000,697.07200000,652.32800000,
15,M06-D4,Q-Chem,-192237.77275269,-49295.78589559,-241513.73444039,-241543.33984525,,1237.05000000,83.13000000,3267.73000000,3590.43000000,
15,OLYP-D3BJ,Q-Chem,-192333.44153825,-49325.27315039,-241629.07013378,-241654.89945561,,1222.73000000,95.99000000,3308.58000000,3611.31000000,
15,wB97M-V,Q-Chem,-192271.27411806,-49304.41139080,-241555.80662048,-241589.21152847,,1226.35000000,77.32000000,3264.52000000,3669.57000000,
16,B2GP-PLYP-D4,ORCA,-239369.92787250,-49282.69538797,-288636.07156360,-288662.24126350,,291.89600000,32.50400000,664.95200000,636.17600000,
16,B3PW91-D4,Q-Chem,-239493.08793441,-49320.78086398,-288797.26424760,-288821.19503323,,2070.03000000,83.51000000,3752.00000000,3999.74000000,
16,B97M-V,Q-Chem,-239533.71694826,-49335.76760007,-288851.38075354,-288872.59998019,,1443.27000000,80.51000000,2385.27000000,2767.64000000,
16,M06-2X-D30,ORCA,-239477.37290331,-49310.26927979,-288770.54504052,-288800.36574755,,494.60000000,67.16000000,823.68800000,763.09600000,
16,M06-D4,Q-Chem,-239438.90182951,-49295.78589559,-288719.23981621,-288742.68282195,,3763.86000000,83.13000000,6139.12000000,7625.82000000,
16,OLYP-D3BJ,Q-Chem,-239539.59355063,-49325.27315039,-288844.28644878,-288862.97554263,,533.03000000,95.99000000,1181.85000000,1316.62000000,
16,wB97M-V,Q-Chem,-239483.41789510,-49304.41139080,-288769.14731454,-288796.76404027,,3226.32000000,77.32000000,5271.26000000,5502.45000000,
17,B2GP-PLYP-D4,ORCA,-192185.04484790,-214020.83243899,-406194.15815200,-406219.52386943,,292.06000000,145.61600000,1575.81600000,1442.17600000,
17,B3PW91-D4,Q-Chem,-192292.34329564,-214111.07727467,-406397.55077798,-406416.40244649,,1212.32000000,694.70000000,9036.29000000,6645.48000000,
17,B97M-V,Q-Chem,-192331.08283741,-214145.33547786,-406471.51833002,-406486.27170469,,1212.77000000,621.87000000,8285.73000000,6647.80000000,
17,M06-2X-D30,ORCA,-192269.61244598,-214114.59091648,-406378.81737108,-406405.13006295,,287.44000000,179.53600000,1218.12800000,1076.73600000,
17,M06-D4,Q-Chem,-192237.77275269,-214078.55788668,-406309.99322773,-406329.92649113,,1237.05000000,691.40000000,8787.85000000,6116.84000000,
17,OLYP-D3BJ,Q-Chem,-192333.44153825,-214154.40152747,-406481.38496849,-406489.19857924,,1222.73000000,649.27000000,9143.33000000,6616.94000000,
17,wB97M-V,Q-Chem,-192271.27411806,-214127.11333390,-406393.75932329,-406418.52569021,,1226.35000000,653.41000000,9010.55000000,7022.18000000,
18,B2GP-PLYP-D4,ORCA,-249724.89115009,-98595.38783790,-348319.61418070,-348327.72316421,,14.16000000,92.99200000,366.42400000,239.67200000,
18,B3PW91-D4,Q-Chem,-249805.92515638,-98674.23776521,-348485.03251046,-348492.88835109,,36.17000000,726.74000000,1378.18000000,1353.73000000,
18,B97M-V,Q-Chem,-249749.40133167,-98703.35533590,-348456.84320666,-348464.15275440,,30.38000000,461.83000000,1234.35000000,1069.80000000,
18,M06-2X-D30,ORCA,-249816.17251099,-98651.52417887,-348469.26357695,-348477.25518413,,35.77600000,187.56800000,502.84000000,461.79200000,
18,M06-D4,Q-Chem,-249808.42571554,-98621.93379800,-348434.04277718,-348441.58410120,,39.70000000,1313.24000000,2869.50000000,2360.18000000,
18,OLYP-D3BJ,Q-Chem,-249837.55753302,-98682.71767357,-348527.86157763,-348534.28001457,,25.67000000,221.91000000,494.68000000,444.88000000,
18,wB97M-V,Q-Chem,-249804.99503890,-98639.09944851,-348445.22054065,-348453.83828060,,41.37000000,801.22000000,1882.25000000,1940.40000000,
19,B2GP-PLYP-D4,ORCA,-249724.89115009,-97825.58199759,-347545.92468144,-347551.52405853,,14.16000000,80.45600000,294.34400000,258.38400000,
19,B3PW91-D4,Q-Chem,-249805.92515638,-97897.54360347,-347704.83059446,-347710.14218671,,36.17000000,425.65000000,1098.09000000,1046.39000000,
19,B97M-V,Q-Chem,-249749.40133167,-97931.35571517,-347680.48950102,-347685.30960530,,30.38000000,294.63000000,950.46000000,840.59000000,
19,M06-2X-D30,ORCA,-249816.17251099,-97881.78208940,-347695.76125325,-347701.13435204,,35.77600000,146.97600000,413.20000000,390.08800000,
19,M06-D4,Q-Chem,-249808.42571554,-97849.91120063,-347658.78112456,-347663.23976643,,39.70000000,861.38000000,1996.77000000,2199.72000000,
19,OLYP-D3BJ,Q-Chem,-249837.55753302,-97911.62207685,-347753.06764449,-347757.24261918,,25.67000000,160.22000000,421.78000000,397.58000000,
19,wB97M-V,Q-Chem,-249804.99503890,-97873.43270737,-347676.05872816,-347682.05096961,,41.37000000,597.18000000,1549.37000000,1567.79000000,
20,B2GP-PLYP-D4,ORCA,-634638.24210614,,-634629.92299153,-489420.15025751,-145220.02252500,2508.95200000,,2463.80800000,534.34400000,216.55200000
20,B3PW91-D4,Q-Chem,-634955.08242153,,-634948.33880899,-489630.90872797,-145320.43599936,14090.24000000,,13939.89000000,3152.27000000,1178.90000000
20,B97M-V,Q-Chem,-635010.87432212,,-635003.12610922,-489635.23764675,-145374.76364280,5696.18000000,,6348.14000000,1651.16000000,787.82000000
20,M06-2X-D30,ORCA,-634927.45667482,,-634920.57678207,-489623.18642540,-145306.15120954,2464.48000000,,2718.95200000,736.46400000,390.51200000
20,M06-D4,Q-Chem,-634815.43920903,,-634808.02494521,-489557.08762699,-145254.48204836,22273.89000000,,21192.52000000,5584.34000000,2099.36000000
20,OLYP-D3BJ,Q-Chem,-635071.99866966,,-635067.51120842,-489719.22235282,-145348.99641372,3457.07000000,,3812.05000000,840.44000000,358.63000000
20,wB97M-V,Q-Chem,-634923.59595215,,-634913.38172055,-489621.67419162,-145300.71279069,16873.98000000,,14955.89000000,3817.57000000,1757.40000000
21,B2GP-PLYP-D4,ORCA,-573652.41339905,,-573644.46978664,-573658.82639718,,1442.12000000,,1441.38400000,1519.79200000,
21,B3PW91-D4,Q-Chem,-573939.17800394,,-573932.63125449,-573947.44663838,,12496.63000000,,10688.23000000,9759.19000000,
21,B97M-V,Q-Chem,-573982.48351460,,-573972.88717007,-573986.51324350,,4485.95000000,,4425.52000000,4905.22000000,
21,M06-2X-D30,ORCA,-573920.96446179,,-573913.08182522,-573928.55290376,,1794.70400000,,2012.20800000,1823.08800000,
21,M06-D4,Q-Chem,-573818.78245251,,-573811.27297410,-573825.35267766,,15214.60000000,,16039.95000000,14428.68000000,
21,OLYP-D3BJ,Q-Chem,-574043.36273849,,-574037.13029380,-574048.30697344,,2624.15000000,,2681.20000000,2920.33000000,
21,wB97M-V,Q-Chem,-573909.82325310,,-573902.23116821,-573918.95480353,,10177.51000000,,10786.17000000,9941.07000000,
22,B2GP-PLYP-D4,ORCA,-373318.88236612,,-373309.69285970,-373331.09308635,,2161.82400000,,2230.23600000,2135.50800000,
22,B3PW91-D4,Q-Chem,-373553.35652099,,-373546.39510015,-373565.27222019,,14365.16000000,,15617.05000000,14547.39000000,
22,B97M-V,Q-Chem,-373639.99056194,,-373631.76777515,-373652.09782655,,7032.77000000,,7581.07000000,7097.28000000,
22,M06-2X-D30,ORCA,-373512.29822960,,-373501.06215965,-373524.24913314,,2599.40800000,,2246.77600000,2425.72000000,
22,M06-D4,Q-Chem,-373421.54811694,,-373408.73692183,-373433.54900696,,22491.06000000,,23491.78000000,22718.08000000,
22,OLYP-D3BJ,Q-Chem,-373615.83399312,,-373609.97034499,-373626.44357937,,3606.92000000,,3716.68000000,3664.06000000,
22,wB97M-V,Q-Chem,-373504.12218190,,-373494.06737988,-373517.15966428,,17652.23000000,,16164.16000000,15963.56000000,
23,B2GP-PLYP-D4,ORCA,-195031.58496661,,-195023.37401702,-195036.65517279,,536.28000000,,559.55200000,528.76800000,
23,B3PW91-D4,Q-Chem,-195169.47258419,,-195164.72901624,-195173.88147868,,2932.23000000,,3231.64000000,3169.34000000,
23,B97M-V,Q-Chem,-195214.25057150,,-195205.81136435,-195215.00709903,,2698.51000000,,2423.94000000,2032.05000000,
23,M06-2X-D30,ORCA,-195132.94606724,,-195124.08406885,-195138.87633380,,964.61600000,,872.27200000,838.00800000,
23,M06-D4,Q-Chem,-195085.22228805,,-195077.81939759,-195092.82888655,,6525.84000000,,6194.51000000,6553.05000000,
23,OLYP-D3BJ,Q-Chem,-195192.42185134,,-195189.75265842,-195193.57626161,,930.16000000,,976.51000000,1021.52000000,
23,wB97M-V,Q-Chem,-195119.74680822,,-195110.74519185,-195123.59537751,,4030.67000000,,4698.27000000,3738.68000000,
24,B2GP-PLYP-D4,ORCA,-290634.42590068,,-290630.74129067,-290647.75238765,,1687.14400000,,1566.25600000,1530.50400000,
24,B3PW91-D4,Q-Chem,-290833.50755272,,-290832.72983213,-290843.11882645,,4847.32000000,,4686.51000000,4106.89000000,
24,B97M-V,Q-Chem,-290920.27271429,,-290916.75019386,-290927.37204076,,4887.80000000,,5014.50000000,4335.30000000,
24,M06-2X-D30,ORCA,-290796.61397427,,-290790.87675227,-290806.69453457,,4937.18400000,,1741.72800000,1631.26400000,
24,M06-D4,Q-Chem,-290712.28820827,,-290706.65888292,-290722.70041976,,4909.25000000,,4789.44000000,3814.04000000,
24,OLYP-D3BJ,Q-Chem,-290884.54195941,,-290885.84825441,-290891.88516230,,4898.98000000,,4539.89000000,4023.55000000,
24,wB97M-V,Q-Chem,-290787.09310447,,-290781.81909734,-290795.92843466,,4952.87000000,,4917.39000000,4116.30000000,
25,B2GP-PLYP-D4,ORCA,-241325.47217636,-25405.68294435,-266718.61336137,-241751.33608681,-24981.17778091,955.02000000,21.92000000,1767.45600000,1223.31200000,21.99200000
25,B3PW91-D4,Q-Chem,-241483.77293863,-25430.68993335,-266904.13718359,-241909.07373983,-25004.06737715,9438.63000000,100.38000000,12261.94000000,7820.65000000,49.50000000
25,B97M-V,Q-Chem,-241556.46093342,-25435.46844298,-266978.71831228,-241979.04245050,-25009.06320342,9005.36000000,94.47000000,12283.46000000,8005.43000000,56.58000000
25,M06-2X-D30,ORCA,-241458.48041411,-25418.25643437,-266864.03765225,-241883.64548818,-24993.48241037,3526.11200000,52.20000000,1340.96800000,1054.05600000,52.43200000
25,M06-D4,Q-Chem,-241389.03045988,-25413.62585291,-266789.87732612,-241813.51252779,-24988.03588028,9271.98000000,110.00000000,11882.57000000,8041.73000000,97.92000000
25,OLYP-D3BJ,Q-Chem,-241529.70297045,-25428.34674134,-266949.25342958,-241951.29856857,-25002.28520894,9211.06000000,103.54000000,12467.54000000,8048.79000000,32.08000000
25,wB97M-V,Q-Chem,-241455.54837727,-25411.04215088,-266852.84975189,-241877.76112183,-24988.15092699,9254.58000000,99.98000000,12008.46000000,7811.62000000,74.13000000
26,B2GP-PLYP-D4,ORCA,-241325.47217636,-72590.90491443,-313907.78829847,-241751.33608681,-72166.40680421,955.02000000,52.57200000,2111.82000000,1223.31200000,56.88400000
26,B3PW91-D4,Q-Chem,-241483.77293863,-72629.41295676,-314109.46757681,-241909.07373983,-72205.32719092,9438.63000000,223.53000000,16612.66000000,7820.65000000,190.45000000
26,B97M-V,Q-Chem,-241556.46093342,-72634.39825424,-314187.31296908,-241979.04245050,-72213.07880674,9005.36000000,221.95000000,16651.23000000,8005.43000000,207.41000000
26,M06-2X-D30,ORCA,-241458.48041411,-72620.54670722,-314070.05910522,-241883.64548818,-72196.36943696,3526.11200000,67.46400000,1921.55200000,1054.05600000,78.64000000
26,M06-D4,Q-Chem,-241389.03045988,-72610.73004978,-313993.02860676,-241813.51252779,-72187.15023556,9271.98000000,194.07000000,15727.98000000,8041.73000000,191.95000000
26,OLYP-D3BJ,Q-Chem,-241529.70297045,-72635.95983297,-314166.44655694,-241951.29856857,-72213.60990317,9211.06000000,217.88000000,15555.94000000,8048.79000000,208.87000000
26,wB97M-V,Q-Chem,-241455.54837727,-72617.15142741,-314063.05767782,-241877.76112183,-72196.24100252,9254.58000000,210.93000000,15103.87000000,7811.62000000,190.69000000
27,B2GP-PLYP-D4,ORCA,-344095.35824073,-47950.27108497,-392034.58394305,-47513.08944434,-344526.58583105,32.00800000,15.56000000,114.09600000,15.96800000,41.50400000
27,B3PW91-D4,Q-Chem,-344208.75798942,-47968.63249873,-392173.36948640,-47529.85123568,-344640.57659569,81.09000000,30.69000000,354.17000000,47.45000000,113.94000000
27,B97M-V,Q-Chem,-344157.55407052,-47966.62173891,-392120.24316949,-47530.41350069,-344586.51972649,107.06000000,35.90000000,296.66000000,38.71000000,114.65000000
27,M06-2X-D30,ORCA,-344213.55467204,-47964.55417685,-392173.04008341,-47527.39220164,-344648.84160204,65.16800000,40.39200000,164.46400000,41.12000000,80.52000000
27,M06-D4,Q-Chem,-344201.43069377,-47961.56760094,-392157.89862221,-47523.89401026,-344633.84685794,164.49000000,50.49000000,759.18000000,61.23000000,235.14000000
27,OLYP-D3BJ,Q-Chem,-344268.76847786,-47973.90113651,-392239.38795894,-47534.92084477,-344693.71139985,58.94000000,21.03000000,131.87000000,44.02000000,78.87000000
27,wB97M-V,Q-Chem,-344215.21081086,-47965.11602039,-392175.25080764,-47530.49042489,-344647.57338654,141.09000000,34.78000000,643.56000000,57.47000000,184.50000000
28,B2GP-PLYP-D4,ORCA,-25405.68294435,-344095.35824073,-369493.83154496,-344526.58583105,-24981.17778091,21.92000000,32.00800000,119.42400000,41.50400000,21.99200000
28,B3PW91-D4,Q-Chem,-25430.68993335,-344208.75798942,-369636.65366878,-344640.57659569,-25004.06737715,100.38000000,81.09000000,554.21000000,113.94000000,49.50000000
28,B97M-V,Q-Chem,-25435.46844298,-344157.55407052,-369589.40460930,-344586.51972649,-25009.06320342,94.47000000,107.06000000,390.09000000,114.65000000,56.58000000
28,M06-2X-D30,ORCA,-25418.25643437,-344213.55467204,-369628.91135182,-344648.84160204,-24993.48241037,52.20000000,65.16800000,184.67200000,80.52000000,52.43200000
28,M06-D4,Q-Chem,-25413.62585291,-344201.43069377,-369611.60819172,-344633.84685794,-24988.03588028,110.00000000,164.49000000,992.47000000,235.14000000,97.92000000
28,OLYP-D3BJ,Q-Chem,-25428.34674134,-344268.76847786,-369694.50843562,-344693.71139985,-25002.28520894,103.54000000,58.94000000,177.25000000,78.87000000,32.08000000
28,wB97M-V,Q-Chem,-25411.04215088,-344215.21081086,-369623.05556527,-344647.57338654,-24988.15092699,99.98000000,141.09000000,729.30000000,184.50000000,74.13000000
29,B2GP-PLYP-D4,ORCA,-99367.24885102,-344095.35824073,-443458.97416959,-98951.68581382,-344526.58583105,136.44000000,32.00800000,655.26400000,173.03200000,41.50400000
29,B3PW91-D4,Q-Chem,-99451.63940262,-344208.75798942,-443663.03494707,-99036.19403182,-344640.57659569,1028.75000000,81.09000000,2920.16000000,815.56000000,113.94000000
29,B97M-V,Q-Chem,-99477.93629885,-344157.55407052,-443638.69241933,-99062.73606796,-344586.51972649,645.87000000,107.06000000,2258.22000000,721.53000000,114.65000000
29,M06-2X-D30,ORCA,-99422.82272341,-344213.55467204,-443637.37024768,-99007.35425003,-344648.84160204,232.37600000,65.16800000,708.46400000,251.64000000,80.52000000
29,M06-D4,Q-Chem,-99395.22752981,-344201.43069377,-443600.62304032,-98981.19271120,-344633.84685794,1666.41000000,164.49000000,8003.30000000,2077.23000000,235.14000000
29,OLYP-D3BJ,Q-Chem,-99455.97537479,-344268.76847786,-443730.22063064,-99041.48253869,-344693.71139985,308.15000000,58.94000000,987.19000000,306.90000000,78.87000000
29,wB97M-V,Q-Chem,-99406.33048844,-344215.21081086,-443622.61333747,-98992.76808759,-344647.57338654,1383.76000000,141.09000000,3718.51000000,1306.58000000,184.50000000
30,B2GP-PLYP-D4,ORCA,-73939.83910741,-344095.35824073,-418030.35707158,-73532.67407705,-344526.58583105,67.94400000,32.00800000,312.85600000,77.66400000,41.50400000
30,B3PW91-D4,Q-Chem,-73998.22490362,-344208.75798942,-418210.38841445,-73590.95358031,-344640.57659569,328.24000000,81.09000000,1324.92000000,276.52000000,113.94000000
30,B97M-V,Q-Chem,-74020.80927329,-344157.55407052,-418183.80279000,-73614.77067157,-344586.51972649,263.39000000,107.06000000,1214.03000000,251.86000000,114.65000000
30,M06-2X-D30,ORCA,-73981.69269618,-344213.55467204,-418195.46782455,-73574.30049914,-344648.84160204,103.01600000,65.16800000,387.52800000,129.88000000,80.52000000
30,M06-D4,Q-Chem,-73959.26053398,-344201.43069377,-418164.74337167,-73553.73206642,-344633.84685794,596.81000000,164.49000000,2944.86000000,613.59000000,235.14000000
30,OLYP-D3BJ,Q-Chem,-74004.81215071,-344268.76847786,-418280.38137617,-73599.02289842,-344693.71139985,129.77000000,58.94000000,422.34000000,110.95000000,78.87000000
30,wB97M-V,Q-Chem,-73972.56080742,-344215.21081086,-418187.65254635,-73568.00172413,-344647.57338654,398.06000000,141.09000000,1920.25000000,474.54000000,184.50000000
31,B2GP-PLYP-D4,ORCA,-472996.89129668,,-472991.49356396,-473013.59918850,,2048.92000000,,1856.83200000,1164.19000000,
31,B3PW91-D4,Q-Chem,-473282.53218514,,-473274.99057366,-473294.17817844,,12984.22000000,,9652.78000000,9201.30000000,
31,B97M-V,Q-Chem,-473326.19931259,,-473317.56255070,-473338.47613310,,5717.05000000,,5895.68000000,4873.77000000,
31,M06-2X-D30,ORCA,-473245.21126067,,-473239.53217460,-473263.04741965,,1671.44800000,,1644.17600000,1566.29600000,
31,M06-D4,Q-Chem,-473163.55617103,,-473156.44757813,-473177.99321307,,17129.65000000,,16537.61000000,14521.59000000,
31,OLYP-D3BJ,Q-Chem,-473353.11412062,,-473344.23475201,-473358.06008574,,2768.61000000,,2852.63000000,2650.43000000,
31,wB97M-V,Q-Chem,-473225.48998651,,-473218.41954643,-473239.10091172,,13706.61000000,,11649.59000000,11382.43000000,
32,B2GP-PLYP-D4,ORCA,-352740.50319500,,-352734.26628984,-352754.45682823,,555.49600000,,509.92000000,526.82400000,
32,B3PW91-D4,Q-Chem,-352946.22062647,,-352937.80737210,-352954.93622137,,2942.18000000,,3283.70000000,2598.35000000,
32,B97M-V,Q-Chem,-352941.10655205,,-352931.95509934,-352950.01840595,,2306.17000000,,2166.02000000,1878.49000000,
32,M06-2X-D30,ORCA,-352915.20369189,,-352908.89610998,-352930.23658582,,681.37600000,,713.37600000,674.83200000,
32,M06-D4,Q-Chem,-352878.44893236,,-352870.10413670,-352890.19535987,,5924.35000000,,6473.14000000,5215.99000000,
32,OLYP-D3BJ,Q-Chem,-352986.27984192,,-352977.04384705,-352988.58280756,,857.77000000,,956.11000000,765.94000000,
32,wB97M-V,Q-Chem,-352894.65068372,,-352886.54189138,-352904.50477225,,5459.25000000,,3931.99000000,3465.63000000,
33,B2GP-PLYP-D4,ORCA,-425932.03502677,,-425924.46264926,-425944.18851592,,1314.26400000,,1127.32800000,5280.10600000,
33,B3PW91-D4,Q-Chem,-426191.71795997,,-426181.81242721,-426198.59890799,,7367.58000000,,6832.72000000,7032.41000000,
33,B97M-V,Q-Chem,-426209.83780036,,-426198.68085489,-426216.83194300,,4680.60000000,,5877.53000000,4195.71000000,
33,M06-2X-D30,ORCA,-426150.50307529,,-426142.96239315,-426164.34102561,,1515.02400000,,1514.59200000,1465.27200000,
33,M06-D4,Q-Chem,-426090.22288488,,-426081.13376406,-426100.30779242,,15539.91000000,,14808.98000000,12108.25000000,
33,OLYP-D3BJ,Q-Chem,-426242.94234101,,-426231.53308477,-426243.08287773,,2255.70000000,,2199.42000000,1884.54000000,
33,wB97M-V,Q-Chem,-426124.64777900,,-426115.45649506,-426133.12484688,,10804.03000000,,8093.01000000,7839.84000000,
34,B2GP-PLYP-D4,ORCA,-715022.12971199,,-715014.98413314,-715035.04557092,,1722.20000000,,1452.54400000,4809.05600000,
34,B3PW91-D4,Q-Chem,-715367.41980727,,-715358.04350416,-715375.16304426,,9909.39000000,,9301.77000000,8103.82000000,
34,B97M-V,Q-Chem,-715317.44225453,,-715306.39309863,-715325.02221324,,5442.59000000,,4956.11000000,5040.81000000,
34,M06-2X-D30,ORCA,-715338.07623867,,-715330.58563936,-715351.90422201,,1905.24800000,,1835.48000000,1711.40000000,
34,M06-D4,Q-Chem,-715270.07596780,,-715261.36186951,-715280.51726197,,18713.70000000,,17156.76000000,16307.50000000,
34,OLYP-D3BJ,Q-Chem,-715456.32766096,,-715445.30226589,-715457.19786157,,2427.91000000,,2874.00000000,2359.28000000,
34,wB97M-V,Q-Chem,-715293.94480149,,-715285.20901791,-715303.05389160,,13638.10000000,,10471.23000000,10044.79000000,
35,B2GP-PLYP-D4,ORCA,-2041419.74935960,,-2041412.83093859,-2041433.00623860,,2203.85600000,,1983.43200000,1895.15800000,
35,B3PW91-D4,Q-Chem,-2041943.01441009,,-2041933.75353026,-2041951.14620041,,12973.32000000,,8676.14000000,9606.46000000,
35,B97M-V,Q-Chem,-2041657.52045159,,-2041646.70982366,-2041666.15911252,,7934.45000000,,5150.74000000,4906.06000000,
35,M06-2X-D30,ORCA,-2041917.97590052,,-2041911.08257588,-2041932.11893215,,2443.17600000,,1799.67200000,2141.19200000,
35,M06-D4,Q-Chem,-2041771.45781172,,-2041762.40592832,-2041781.16817886,,23519.52000000,,16539.55000000,15505.66000000,
35,OLYP-D3BJ,Q-Chem,-2042446.26370349,,-2042435.35714937,-2042447.24461059,,3685.46000000,,2655.54000000,3080.81000000,
35,wB97M-V,Q-Chem,-2041770.74228416,,-2041762.01474179,-2041779.96180697,,13691.22000000,,9944.40000000,11412.33000000,
36,B2GP-PLYP-D4,ORCA,-674222.65406620,,-674216.74065050,-674240.38383967,,1531.56800000,,1449.47200000,1336.41600000,
36,B3PW91-D4,Q-Chem,-674558.19996932,,-674550.52324482,-674571.11832579,,5579.00000000,,3764.67000000,4313.72000000,
36,B97M-V,Q-Chem,-674529.12011345,,-674520.58877416,-674541.91223911,,5524.73000000,,3992.44000000,3929.91000000,
36,M06-2X-D30,ORCA,-674535.16727771,,-674529.17567073,-674553.69800629,,1602.34400000,,1483.04000000,1433.47200000,
36,M06-D4,Q-Chem,-674463.11803441,,-674455.63848287,-674479.36948359,,5293.02000000,,3782.60000000,3951.06000000,
36,OLYP-D3BJ,Q-Chem,-674655.63747254,,-674647.04540426,-674662.36960474,,5622.94000000,,4091.13000000,4278.78000000,
36,wB97M-V,Q-Chem,-674507.49500217,,-674500.19730753,-674522.44589875,,5510.84000000,,3785.75000000,3938.23000000,
37,B2GP-PLYP-D4,ORCA,-471622.98651637,,-471615.21767533,-471638.09936885,,1620.45600000,,1356.90400000,1286.63200000,
37,B3PW91-D4,Q-Chem,-471888.55994657,,-471878.83303658,-471898.70468188,,3430.05000000,,3584.16000000,3449.99000000,
37,B97M-V,Q-Chem,-471916.62699721,,-471905.42728421,-471926.17530494,,3989.76000000,,3732.13000000,3356.85000000,
37,M06-2X-D30,ORCA,-471860.26620996,,-471852.17760152,-471876.45795345,,3621.35200000,,1341.60800000,1359.11200000,
37,M06-D4,Q-Chem,-471792.36592377,,-471783.23769838,-471806.65727115,,3599.00000000,,4227.14000000,3555.21000000,
37,OLYP-D3BJ,Q-Chem,-471957.01872267,,-471947.08677050,-471961.79570733,,4091.76000000,,3805.55000000,3817.44000000,
37,wB97M-V,Q-Chem,-471847.32576125,,-471837.95755527,-471859.49012973,,4155.59000000,,3424.92000000,3358.37000000,
38,B2GP-PLYP-D4,ORCA,-507107.52089972,,-507099.38874806,-218445.66063234,-288651.83636188,892.11200000,,907.76000000,731.21600000,13.91200000
38,B3PW91-D4,Q-Chem,-507349.96638070,,-507342.57557017,-218603.06712275,-288732.95991986,5111.94000000,,6231.38000000,3846.81000000,31.50000000
38,B97M-V,Q-Chem,-507361.41902013,,-507356.06610995,-218683.94814977,-288665.74218261,2693.09000000,,2519.14000000,2617.52000000,36.03000000
38,M06-2X-D30,ORCA,-507334.18380196,,-507324.46912667,-218574.56924567,-288747.06272160,1048.04000000,,1064.41600000,851.59200000,39.43200000
38,M06-D4,Q-Chem,-507252.79423769,,-507244.26295883,-218499.74458814,-288738.38111324,8996.65000000,,8033.18000000,6443.72000000,40.81000000
38,OLYP-D3BJ,Q-Chem,-507428.10054575,,-507423.93732519,-218643.56920178,-288770.39897329,1320.49000000,,1368.86000000,1025.73000000,32.39000000
38,wB97M-V,Q-Chem,-507309.29983156,,-507300.16946103,-218565.88208404,-288731.05474216,6232.27000000,,5904.64000000,5469.20000000,39.55000000
39,B2GP-PLYP-D4,ORCA,-1833506.94006693,,-1833503.43268555,-218445.66063234,-1615060.23397053,897.34400000,,954.30400000,731.21600000,18.28800000
39,B3PW91-D4,Q-Chem,-1833927.67435044,,-1833924.57827629,-218603.06712275,-1615319.91416169,5526.53000000,,5343.99000000,3846.81000000,45.52000000
39,B97M-V,Q-Chem,-1833704.07197627,,-1833702.74206370,-218683.94814977,-1615019.65367260,2787.34000000,,2890.85000000,2617.52000000,36.16000000
39,M06-2X-D30,ORCA,-1833916.20152134,,-1833912.35658271,-218574.56924567,-1615341.77319831,1184.79200000,,1263.93600000,851.59200000,45.33600000
39,M06-D4,Q-Chem,-1833755.73667264,,-1833752.67170401,-218499.74458814,-1615254.09374420,9548.82000000,,8537.79000000,6443.72000000,59.00000000
39,OLYP-D3BJ,Q-Chem,-1834420.23898668,,-1834418.65995691,-218643.56920178,-1615772.68536890,1548.28000000,,1693.79000000,1025.73000000,33.72000000
39,wB97M-V,Q-Chem,-1833787.83851843,,-1833784.93242775,-218565.88208404,-1615221.21763627,6425.94000000,,7057.93000000,5469.20000000,60.52000000
40,B2GP-PLYP-D4,ORCA,-578947.75712180,,-578939.59188839,-290283.03125553,-288651.83636188,1437.43200000,,1482.81600000,1158.97600000,13.91200000
40,B3PW91-D4,Q-Chem,-579224.13757242,,-579216.88153656,-290474.05204651,-288732.95991986,7422.52000000,,7710.91000000,6553.92000000,31.50000000
40,B97M-V,Q-Chem,-579244.63284563,,-579239.07800804,-290562.38446783,-288665.74218261,3998.81000000,,4093.08000000,4011.42000000,36.03000000
40,M06-2X-D30,ORCA,-579206.45048372,,-579196.75161564,-290443.63762119,-288747.06272160,1475.05600000,,1518.92800000,1288.79200000,39.43200000
40,M06-D4,Q-Chem,-579113.03055963,,-579104.61724082,-290357.39608712,-288738.38111324,14244.84000000,,13420.76000000,10739.35000000,40.81000000
40,OLYP-D3BJ,Q-Chem,-579312.69465709,,-579308.68333624,-290524.85470772,-288770.39897329,2067.78000000,,2524.83000000,1616.49000000,32.39000000
40,wB97M-V,Q-Chem,-579181.36868429,,-579172.18361702,-290434.78204234,-288731.05474216,8888.98000000,,8708.27000000,8059.74000000,39.55000000
41,B2GP-PLYP-D4,ORCA,-804698.11306586,,-804693.41204442,-516032.54662281,-288651.83636188,1593.51200000,,1639.49600000,1440.13600000,13.91200000
41,B3PW91-D4,Q-Chem,-805054.61214425,,-805050.69742485,-516303.95987441,-288732.95991986,9598.90000000,,11083.00000000,8194.61000000,31.50000000
41,B97M-V,Q-Chem,-805030.23604117,,-805028.47181340,-516347.54612611,-288665.74218261,4531.09000000,,4642.91000000,3678.76000000,36.03000000
41,M06-2X-D30,ORCA,-805045.64404112,,-805038.59201861,-516282.34922374,-288747.06272160,1556.35200000,,1759.38400000,1457.27200000,39.43200000
41,M06-D4,Q-Chem,-804936.77815833,,-804932.50849572,-516180.84560978,-288738.38111324,12839.98000000,,17396.97000000,12205.70000000,40.81000000
41,OLYP-D3BJ,Q-Chem,-805182.10294383,,-805182.66857832,-516393.77990784,-288770.39897329,2229.78000000,,2965.02000000,2086.23000000,32.39000000
41,wB97M-V,Q-Chem,-805012.93762660,,-805005.98264676,-516265.60628844,-288731.05474216,10424.63000000,,12177.15000000,8370.13000000,39.55000000
42,B2GP-PLYP-D4,ORCA,-270187.82999873,-49282.69538797,-319462.10944273,-319491.80939195,,293.90400000,32.50400000,695.28800000,618.99200000,
42,B3PW91-D4,Q-Chem,-270317.13137068,-49320.78086398,-319633.45517285,-319660.06016388,,2265.87000000,83.51000000,4356.04000000,4980.67000000,
42,B97M-V,Q-Chem,-270365.55848054,-49335.76760007,-319696.09926871,-319720.63235710,,1208.91000000,80.51000000,2187.80000000,2447.29000000,
42,M06-2X-D30,ORCA,-270310.40189312,-49310.26927979,-319613.34638791,-319643.81465221,,444.72800000,67.16000000,1003.19200000,881.22400000,
42,M06-D4,Q-Chem,-270257.61642178,-49295.78589559,-319548.66725638,-319574.15743286,,3808.51000000,83.13000000,7097.72000000,7794.62000000,
42,OLYP-D3BJ,Q-Chem,-270377.49382719,-49325.27315039,-319700.19852548,-319722.58630904,,572.12000000,95.99000000,1331.94000000,1337.24000000,
42,wB97M-V,Q-Chem,-270328.80738422,-49304.41139080,-319623.80529794,-319653.84759744,,2534.85000000,77.32000000,5446.49000000,5892.24000000,
43,B2GP-PLYP-D4,ORCA,-191098.12764778,,-191090.54591877,-191121.31733343,,430.86400000,,446.25600000,446.39200000,
43,B3PW91-D4,Q-Chem,-191227.76982937,,-191219.60759631,-191246.60203950,,3472.29000000,,3173.18000000,2445.07000000,
43,B97M-V,Q-Chem,-191276.62164494,,-191269.25014168,-191296.71889207,,2059.59000000,,1993.53000000,1589.00000000,
43,M06-2X-D30,ORCA,-191201.83759473,,-191193.29470701,-191223.86509677,,629.92800000,,645.64800000,613.55200000,
43,M06-D4,Q-Chem,-191148.98021541,,-191140.68023278,-191169.12181654,,5540.55000000,,5707.63000000,4458.37000000,
43,OLYP-D3BJ,Q-Chem,-191263.67058355,,-191256.14299992,-191279.44494083,,855.87000000,,918.00000000,802.22000000,
43,wB97M-V,Q-Chem,-191201.03795536,,-191192.30846883,-191221.33509282,,4218.33000000,,4527.20000000,3585.53000000,
44,B2GP-PLYP-D4,ORCA,-191121.31733343,,-191119.36215144,-68709.33815841,-122429.06125638,446.39200000,,458.40800000,15.00000000,200.17600000
44,B3PW91-D4,Q-Chem,-191246.60203950,,-191245.04513202,-68731.19427050,-122528.10176661,2445.07000000,,2554.14000000,41.74000000,1330.60000000
44,B97M-V,Q-Chem,-191296.71889207,,-191295.60392754,-68747.32426540,-122563.36157355,1589.00000000,,1728.93000000,39.35000000,1194.67000000
44,M06-2X-D30,ORCA,-191223.86509677,,-191221.87288918,-68739.38852122,-122499.71197263,613.55200000,,587.52000000,41.20000000,324.48000000
44,M06-D4,Q-Chem,-191169.12181654,,-191169.75268027,-68720.63888425,-122464.10302257,4458.37000000,,4691.03000000,63.97000000,2706.02000000
44,OLYP-D3BJ,Q-Chem,-191279.44494083,,-191278.40152142,-68748.31351367,-122540.06759718,802.22000000,,778.67000000,41.65000000,391.97000000
44,wB97M-V,Q-Chem,-191221.33509282,,-191219.34921388,-68746.53483373,-122489.48647323,3585.53000000,,3470.82000000,55.20000000,1714.51000000
45,B2GP-PLYP-D4,ORCA,-265068.20154431,,-265057.05139197,-265080.17642050,,1244.80800000,,1329.15200000,1314.08000000,
45,B3PW91-D4,Q-Chem,-265255.49925265,,-265244.37760108,-265264.99878658,,7754.37000000,,7719.24000000,8078.94000000,
45,B97M-V,Q-Chem,-265326.71169361,,-265316.58487093,-265338.06230545,,4487.89000000,,4831.70000000,4611.72000000,
45,M06-2X-D30,ORCA,-265214.01678995,,-265202.23394057,-265226.52862165,,1552.68800000,,1538.80800000,1457.92800000,
45,M06-D4,Q-Chem,-265139.99996979,,-265129.10888102,-265151.93990868,,15582.07000000,,14405.64000000,14701.30000000,
45,OLYP-D3BJ,Q-Chem,-265296.30832005,,-265287.23341528,-265305.82404975,,2197.55000000,,2497.75000000,2324.52000000,
45,wB97M-V,Q-Chem,-265203.05297368,,-265190.62244862,-265213.54282930,,9213.25000000,,8406.26000000,8362.17000000,
46,B2GP-PLYP-D4,ORCA,-265080.17642050,,-265079.73775753,-196401.69896638,-68709.33815841,1314.08000000,,1341.80000000,755.60000000,15.00000000
46,B3PW91-D4,Q-Chem,-265264.99878658,,-265264.80341306,-196560.65561144,-68731.19427050,8078.94000000,,8348.34000000,4917.98000000,41.74000000
46,B97M-V,Q-Chem,-265338.06230545,,-265338.91929643,-196620.00615021,-68747.32426540,4611.72000000,,4625.20000000,3301.45000000,39.35000000
46,M06-2X-D30,ORCA,-265226.52862165,,-265225.91169556,-196515.91833322,-68739.38852122,1457.92800000,,1483.72000000,996.34400000,41.20000000
46,M06-D4,Q-Chem,-265151.93990868,,-265152.58969207,-196459.77323266,-68720.63888425,14701.30000000,,14431.39000000,8841.02000000,63.97000000
46,OLYP-D3BJ,Q-Chem,-265305.82404975,,-265306.19392136,-196580.63095556,-68748.31351367,2324.52000000,,2326.08000000,1433.59000000,41.65000000
46,wB97M-V,Q-Chem,-265213.54282930,,-265213.00136076,-196495.50851290,-68746.53483373,8362.17000000,,8242.67000000,5742.27000000,55.20000000
47,B2GP-PLYP-D4,ORCA,-262833.45122811,,-262821.68425981,-194127.41037029,-68709.33815841,844.51200000,,837.58400000,496.06400000,15.00000000
47,B3PW91-D4,Q-Chem,-263005.40016845,,-262991.23398216,-194270.06317944,-68731.19427050,5090.76000000,,4924.04000000,3564.64000000,41.74000000
47,B97M-V,Q-Chem,-263089.93312267,,-263076.90121038,-194339.65428658,-68747.32426540,2942.96000000,,2667.89000000,1817.32000000,39.35000000
47,M06-2X-D30,ORCA,-262982.05886979,,-262970.27448754,-194245.28263742,-68739.38852122,1043.36800000,,1011.04800000,732.02400000,41.20000000
47,M06-D4,Q-Chem,-262899.67861601,,-262888.75516312,-194179.97615677,-68720.63888425,8897.61000000,,8687.20000000,5889.16000000,63.97000000
47,OLYP-D3BJ,Q-Chem,-263060.61365983,,-263046.98435009,-194304.20011353,-68748.31351367,1479.17000000,,1562.06000000,845.60000000,41.65000000
47,wB97M-V,Q-Chem,-262981.06129313,,-262968.40798066,-194234.83941006,-68746.53483373,6118.61000000,,6840.37000000,4176.27000000,55.20000000
48,B2GP-PLYP-D4,ORCA,-665508.04378068,,-665506.52291767,-596827.07182714,-68709.33815841,7084.02400000,,6438.36000000,4934.74400000,15.00000000
48,B3PW91-D4,Q-Chem,-665837.72570489,,-665835.95869493,-597130.30637822,-68731.19427050,22571.56000000,,22100.55000000,15852.52000000,41.74000000
48,B97M-V,Q-Chem,-665956.50420775,,-665955.88359377,-597235.54200575,-68747.32426540,11729.19000000,,9988.19000000,8020.90000000,39.35000000
48,M06-2X-D30,ORCA,-665814.76696280,,-665812.84217620,-597101.91268873,-68739.38852122,3448.41600000,,3392.94400000,2681.16800000,41.20000000
48,M06-D4,Q-Chem,-665682.58529024,,-665681.89775105,-596988.39442351,-68720.63888425,31486.18000000,,31953.19000000,23432.40000000,63.97000000
48,OLYP-D3BJ,Q-Chem,-665958.19568923,,-665957.57012049,-597231.40824155,-68748.31351367,6129.12000000,,5620.75000000,4185.80000000,41.65000000
48,wB97M-V,Q-Chem,-665832.85723920,,-665830.69443208,-597112.14420290,-68746.53483373,23091.19000000,,21131.92000000,18620.75000000,55.20000000
49,B2GP-PLYP-D4,ORCA,-368007.72333428,,-368001.14706499,-299345.60926251,-68709.33815841,1173.75200000,,1259.59200000,867.47200000,15.00000000
49,B3PW91-D4,Q-Chem,-368209.29960496,,-368204.60298583,-299517.21807282,-68731.19427050,6449.14000000,,7363.81000000,4629.19000000,41.74000000
49,B97M-V,Q-Chem,-368294.12665745,,-368290.87520191,-299589.71612876,-68747.32426540,3824.85000000,,3716.16000000,2324.61000000,39.35000000
49,M06-2X-D30,ORCA,-368186.32698750,,-368180.48217876,-299496.37227186,-68739.38852122,1261.87200000,,1420.20000000,899.95200000,41.20000000
49,M06-D4,Q-Chem,-368107.77181196,,-368101.79661386,-299428.22180267,-68720.63888425,10070.33000000,,10523.71000000,7253.31000000,63.97000000
49,OLYP-D3BJ,Q-Chem,-368285.80292133,,-368283.39930222,-299571.31741349,-68748.31351367,1902.03000000,,2131.83000000,1125.51000000,41.65000000
49,wB97M-V,Q-Chem,-368193.22687131,,-368187.87017022,-299497.51597081,-68746.53483373,7415.78000000,,7257.96000000,6324.71000000,55.20000000
50,B2GP-PLYP-D4,ORCA,-404575.38832089,-260908.70810678,-665483.23261259,-665508.04378068,,1102.96000000,238.08000000,5682.30400000,7084.02400000,
50,B3PW91-D4,Q-Chem,-404777.22758484,-261037.05816651,-665816.59758666,-665837.72570489,,5661.71000000,1900.27000000,21809.01000000,22571.56000000,
50,B97M-V,Q-Chem,-404846.88669895,-261089.54904879,-665937.18929322,-665956.50420775,,3015.94000000,1133.48000000,10039.59000000,11729.19000000,
50,M06-2X-D30,ORCA,-404758.49531074,-261028.64766218,-665787.73748197,-665814.76696280,,1128.20000000,365.08800000,3151.60000000,3448.41600000,
50,M06-D4,Q-Chem,-404683.10349933,-260977.50616149,-665662.02510726,-665682.58529024,,7708.49000000,2858.39000000,30983.79000000,31486.18000000,
50,OLYP-D3BJ,Q-Chem,-404852.13630004,-261089.66894734,-665943.60843716,-665958.19568923,,1565.70000000,624.31000000,6857.95000000,6129.12000000,
50,wB97M-V,Q-Chem,-404768.39683837,-261034.63646704,-665803.96855385,-665832.85723920,,6330.95000000,2178.95000000,21995.85000000,23091.19000000,
