rxn_number,functional,average_gpu_time_seconds,thermo_kcal_mol,forward_kinetic_kcal_mol,reverse_kinetic_kcal_mol,thermo_error_kcal_mol,forward_kinetic_error_kcal_mol,reverse_kinetic_error_kcal_mol,kinetic_error_kcal_mol
1,aimnet2-nse,0.00378162,2.62022181,17.20531567,14.58509386,0.83879706,7.94178312,7.10298890,7.52238601
1,allscaip-md-conserving-all-omol,0.05797027,-2.29747570,8.18854603,10.48602173,-4.07890045,-1.07498651,3.00391677,2.03945164
1,allscaip-md-direct-all-omol,0.02205842,0.53637731,9.24334948,8.70697217,-1.24504744,-0.02018307,1.22486721,0.62252514
1,esen-md-direct-all-omol,0.02617078,0.17430133,10.16125236,9.98695103,-1.60712342,0.89771981,2.50484607,1.70128294
1,esen-sm-conserving-all-omol,0.03905572,-2.33362815,9.17788127,11.51150942,-4.11505290,-0.08565127,4.02940446,2.05752787
1,esen-sm-direct-all-omol,0.01344893,-3.31342095,6.61188836,9.92530931,-5.09484570,-2.65164419,2.44320435,2.54742427
1,extra_large,0.36718216,-2.71966678,9.86806385,12.58773063,-4.50109153,0.60453131,5.10562567,2.85507849
1,orbmol_v1_conservative,0.02920843,-2.62473417,10.38396669,13.00870086,-4.40615892,1.12043414,5.52659590,3.32351502
1,orbmol_v1_direct,0.07398550,-2.87185893,10.98192039,13.85377932,-4.65328368,1.71838784,6.37167436,4.04503110
1,orbmol_v2,0.01630727,-1.27516582,6.91650862,8.19167444,-3.05659057,-2.34702393,0.70956948,1.52829670
1,polar-1-l,0.50479118,0.34931796,11.87219011,11.52287215,-1.43210679,2.60865756,4.04076719,3.32471238
1,polar-1-m,0.36989824,-1.35636575,11.67284747,13.02921322,-3.13779050,2.40931493,5.54710826,3.97821159
1,polar-1-s,0.31732853,-3.45521111,6.76070927,10.21592038,-5.23663586,-2.50282327,2.73381542,2.61831935
1,uma-m-1p1,0.10820790,-0.04540131,9.15082491,9.19622622,-1.82682606,-0.11270763,1.71412126,0.91341445
1,uma-s-1p1,0.04690631,-2.59010446,9.21393024,11.80403470,-4.37152921,-0.04960230,4.32192974,2.18576602
1,uma-s-1p2,0.05203873,0.01991097,9.79587558,9.77596461,-1.76151378,0.53234303,2.29385965,1.41310134
2,aimnet2-nse,0.00371294,-21.49774328,5.41521363,26.91295691,-5.16068906,3.11183073,8.27249375,5.69216224
2,allscaip-md-conserving-all-omol,0.05920053,-14.81202163,3.27051744,18.08253907,1.52503259,0.96713454,-0.55792409,0.76252931
2,allscaip-md-direct-all-omol,0.02036297,-14.26890095,1.80211944,16.07102039,2.06815327,-0.50126346,-2.56944277,1.53535311
2,esen-md-direct-all-omol,0.02600493,-14.38095528,2.82787357,17.20882885,1.95609894,0.52449067,-1.43163431,0.97806249
2,esen-sm-conserving-all-omol,0.03793881,-15.11250127,3.68704794,18.79954921,1.22455295,1.38366504,0.15908605,0.77137554
2,esen-sm-direct-all-omol,0.01315369,-15.35510882,4.50159890,19.85670772,0.98194540,2.19821600,1.21624456,1.70723028
2,extra_large,0.18848975,-14.44636278,4.58144658,19.02780936,1.89069144,2.27806368,0.38734620,1.33270494
2,orbmol_v1_conservative,0.01308841,-13.64042008,3.60664979,17.24706987,2.69663414,1.30326689,-1.39339329,1.34833009
2,orbmol_v1_direct,0.05678292,-15.03615220,2.20249184,17.23864404,1.30090202,-0.10089106,-1.40181912,0.75135509
2,orbmol_v2,0.01517277,-13.66914196,3.75520471,17.42434667,2.66791226,1.45182181,-1.21611649,1.33396915
2,polar-1-l,0.30564282,-13.95835181,3.24123764,17.19958945,2.37870241,0.93785474,-1.44087371,1.18936423
2,polar-1-m,0.18847119,-14.53268314,4.96637182,19.49905496,1.80437108,2.66298892,0.85859180,1.76079036
2,polar-1-s,0.12696818,-12.49565771,3.99498334,16.49064105,3.84139651,1.69160044,-2.14982211,1.92071127
2,uma-m-1p1,0.10153777,-14.20450792,2.94123766,17.14574558,2.13254630,0.63785476,-1.49471758,1.06628617
2,uma-s-1p1,0.04647924,-14.67215902,4.14895078,18.82110980,1.66489520,1.84556788,0.18064664,1.01310726
2,uma-s-1p2,0.05483341,-15.81970421,3.50400976,19.32371397,0.51735001,1.20062686,0.68325081,0.94193883
3,aimnet2-nse,0.00333788,-14.49287944,21.82704171,36.31992115,-1.89344085,9.63174661,11.52516738,10.57845700
3,allscaip-md-conserving-all-omol,0.05839103,-13.67004365,11.96204829,25.63209194,-1.07060506,-0.23324681,0.83733817,0.53529249
3,allscaip-md-direct-all-omol,0.01973190,-12.77930242,12.37131313,25.15061555,-0.17986383,0.17601803,0.35586178,0.26593991
3,esen-md-direct-all-omol,0.02608293,-12.16738277,13.88404002,26.05142279,0.43205582,1.68874492,1.25666902,1.47270697
3,esen-sm-conserving-all-omol,0.03580802,-14.60487062,12.79396944,27.39884006,-2.00543203,0.59867434,2.60408629,1.60138031
3,esen-sm-direct-all-omol,0.01321130,-13.32453821,15.98494013,29.30947834,-0.72509962,3.78964503,4.51472457,4.15218480
3,extra_large,0.07460298,-17.52757954,13.01369079,30.54127033,-4.92814095,0.81839569,5.74651656,3.28245612
3,orbmol_v1_conservative,0.01314863,-12.08412180,16.98020212,29.06432392,0.51531679,4.78490702,4.26957015,4.52723859
3,orbmol_v1_direct,0.00762235,-15.74562705,14.26134403,30.00697108,-3.14618846,2.06604893,5.21221731,3.63913312
3,orbmol_v2,0.01366752,-11.40737068,14.33655187,25.74392255,1.19206791,2.14125677,0.94916878,1.54521277
3,polar-1-l,0.17155725,-13.00465617,14.71992530,27.72458147,-0.40521758,2.52463020,2.92982770,2.72722895
3,polar-1-m,0.08451873,-11.98141565,17.75486294,29.73627859,0.61802294,5.55956784,4.94152482,5.25054633
3,polar-1-s,0.04151606,-23.38052068,16.18382497,39.56434565,-10.78108209,3.98852987,14.76959188,9.37906088
3,uma-m-1p1,0.10408161,-12.88072561,11.75430508,24.63503069,-0.28128702,-0.44099002,-0.15972308,0.30035655
3,uma-s-1p1,0.04398209,-16.65122461,9.74683894,26.39806355,-4.05178602,-2.44845616,1.60330978,2.02588297
3,uma-s-1p2,0.04391067,-12.32325609,14.31016874,26.63342483,0.27618250,2.11487364,1.83867106,1.97677235
4,aimnet2-nse,0.00331111,-15.51493002,19.32093542,34.83586544,1.69202790,2.93909346,1.24703813,2.09306579
4,allscaip-md-conserving-all-omol,0.05914553,-18.22941708,15.06584796,33.29526504,-1.02245916,-1.31599400,-0.29356227,0.80477813
4,allscaip-md-direct-all-omol,0.01893676,-18.01668052,15.50005201,33.51673253,-0.80972260,-0.88178995,-0.07209478,0.47694236
4,esen-md-direct-all-omol,0.02610746,-16.33541673,15.72193206,32.05734879,0.87154119,-0.65990990,-1.53147852,1.09569421
4,esen-sm-conserving-all-omol,0.03631768,-18.81559460,14.85454574,33.67014034,-1.60863668,-1.52729622,0.08131303,0.80430462
4,esen-sm-direct-all-omol,0.01285620,-17.83874278,19.49857791,37.33732069,-0.63178486,3.11673595,3.74849338,3.43261466
4,extra_large,0.07482631,-21.37391183,15.39238672,36.76629855,-4.16695391,-0.98945524,3.17747124,2.08346324
4,orbmol_v1_conservative,0.01319982,-15.85028414,19.36596572,35.21624986,1.35667378,2.98412376,1.62742255,2.30577316
4,orbmol_v1_direct,0.00842134,-20.40104069,15.87861233,36.27965302,-3.19408277,-0.50322963,2.69082571,1.59702767
4,orbmol_v2,0.01362005,-15.94307495,17.84826385,33.79133880,1.26388297,1.46642189,0.20251149,0.83446669
4,polar-1-l,0.17183949,-17.18140580,17.86629581,35.04770161,0.02555212,1.48445385,1.45887430,1.47166408
4,polar-1-m,0.08283880,-17.22716460,20.93015792,38.15732252,-0.02020668,4.54831596,4.56849521,4.55840558
4,polar-1-s,0.04208912,-29.46192889,19.39024636,48.85217525,-12.25497097,3.00840440,15.26334794,9.13587617
4,uma-m-1p1,0.10430302,-17.38152761,15.48354219,32.86506980,-0.17456969,-0.89829977,-0.72375751,0.81102864
4,uma-s-1p1,0.04456227,-20.53833289,13.83780893,34.37614182,-3.33137497,-2.54403303,0.78731451,1.66567377
4,uma-s-1p2,0.04568288,-16.56102656,17.48697467,34.04800123,0.64593136,1.10513271,0.45917392,0.78215332
5,aimnet2-nse,0.00354482,-27.10307321,1.45243195,28.55550516,0.79212159,8.69277310,7.90060705,8.29669007
5,allscaip-md-conserving-all-omol,0.05546149,-28.43280262,-7.12138020,21.31142242,-0.53760782,0.11896095,0.65652431,0.38774263
5,allscaip-md-direct-all-omol,0.01890743,-27.82059604,-7.28960720,20.53098884,0.07459876,-0.04926605,-0.12390927,0.08658766
5,esen-md-direct-all-omol,0.02638510,-26.77240029,-6.05007479,20.72232550,1.12279451,1.19026636,0.06742739,0.62884687
5,esen-sm-conserving-all-omol,0.03585500,-27.13698078,-6.26207499,20.87490579,0.75821402,0.97826616,0.22000768,0.59913692
5,esen-sm-direct-all-omol,0.01339953,-26.09878573,-8.17591951,17.92286622,1.79640907,-0.93557836,-2.73203189,1.83380513
5,extra_large,0.05562214,-28.32657834,-2.67066518,25.65591316,-0.43138354,4.56967597,5.00101505,4.78534551
5,orbmol_v1_conservative,0.01223124,-27.03610762,-2.67758156,24.35852606,0.85908718,4.56275959,3.70362795,4.13319377
5,orbmol_v1_direct,0.00755123,-24.86605287,-0.00037617,24.86567670,3.02914193,7.23996498,4.21077859,5.72537178
5,orbmol_v2,0.01362378,-27.60768354,-6.99048507,20.61719847,0.28751126,0.24985608,-0.03769964,0.14377786
5,polar-1-l,0.15294120,-29.63922668,-6.10787567,23.53135101,-1.74403188,1.13246548,2.87645290,2.00445919
5,polar-1-m,0.07487187,-28.02568657,-2.86384463,25.16184194,-0.13049177,4.37649652,4.50694383,4.44172017
5,polar-1-s,0.04144718,-24.78422631,7.51378218,32.29800849,3.11096849,14.75412333,11.64311038,13.19861685
5,uma-m-1p1,0.09644749,-27.23896829,-5.52376953,21.71519876,0.65622651,1.71657162,1.06030065,1.38843613
5,uma-s-1p1,0.04483501,-26.23221442,-2.95593282,23.27628160,1.66298038,4.28440833,2.62138349,3.45289591
5,uma-s-1p2,0.04955527,-27.41513956,-4.53942873,22.87571083,0.48005524,2.70091242,2.22081272,2.46086257
6,aimnet2-nse,0.00346785,-42.60541704,0.56334478,43.16876182,1.68240374,3.05736493,1.37489062,2.21612778
6,allscaip-md-conserving-all-omol,0.05490686,-46.34934691,-3.53678589,42.81256102,-2.06152613,-1.04276574,1.01868982,1.03072778
6,allscaip-md-direct-all-omol,0.01914867,-45.27418141,-2.01518864,43.25899277,-0.98636063,0.47883151,1.46512157,0.97197654
6,esen-md-direct-all-omol,0.02636510,-45.34618858,-2.79627242,42.54991616,-1.05836780,-0.30225227,0.75604496,0.52914861
6,esen-sm-conserving-all-omol,0.03568687,-44.47744855,-2.49736244,41.98008611,-0.18962777,-0.00334229,0.18621491,0.09477860
6,esen-sm-direct-all-omol,0.01330787,-44.85476792,-0.65458547,44.20018245,-0.56694714,1.83943468,2.40631125,2.12287297
6,extra_large,0.05563710,-46.72787821,-2.31958584,44.40829237,-2.44005743,0.17443431,2.61442117,1.39442774
6,orbmol_v1_conservative,0.01213859,-45.52407113,-2.91625249,42.60781864,-1.23625035,-0.42223234,0.81394744,0.61808989
6,orbmol_v1_direct,0.00756937,-43.03358031,1.64263138,44.67621169,1.25424047,4.13665153,2.88234049,3.50949601
6,orbmol_v2,0.01327526,-45.60042548,-2.41097223,43.18945325,-1.31260470,0.08304792,1.39558205,0.73931499
6,polar-1-l,0.15433058,-47.06018177,-4.18468127,42.87550050,-2.77236099,-1.69066112,1.08162930,1.38614521
6,polar-1-m,0.07407485,-43.67337049,-0.11189851,43.56147198,0.61445029,2.38212164,1.76760078,2.07486121
6,polar-1-s,0.04178524,-35.28494075,-0.72643323,34.55850752,9.00288003,1.76758692,-7.23536368,4.50147530
6,uma-m-1p1,0.09732490,-44.97713959,-2.82866161,42.14847798,-0.68931881,-0.33464146,0.35460678,0.34462412
6,uma-s-1p1,0.04389756,-45.11498992,-1.27193514,43.84305478,-0.82716914,1.22208501,2.04918358,1.63563430
6,uma-s-1p2,0.04683516,-45.27007606,-2.04986275,43.22021331,-0.98225528,0.44415740,1.42634211,0.93524976
7,aimnet2-nse,0.00345193,-11.66149529,18.04407558,29.70557087,5.63689837,11.57230109,5.93537515,8.75383812
7,allscaip-md-conserving-all-omol,0.05442845,-15.70282334,7.40164672,23.10447006,1.59557032,0.92987223,-0.66572566,0.79779894
7,allscaip-md-direct-all-omol,0.01882389,-16.03592899,7.72537269,23.76130168,1.26246467,1.25359820,-0.00889404,0.63124612
7,esen-md-direct-all-omol,0.02554173,-15.72572533,7.69592656,23.42165189,1.57266833,1.22415206,-0.34854383,0.78634795
7,esen-sm-conserving-all-omol,0.03652642,-13.55512696,11.94201110,25.49713806,3.74326670,5.47023661,1.72694234,3.59858947
7,esen-sm-direct-all-omol,0.01293029,-16.47165110,11.59812081,28.06977191,0.82674256,5.12634631,4.29957619,4.71296125
7,extra_large,0.09847627,-5.72252887,21.91173615,27.63426502,11.57586479,15.43996165,3.86406930,9.65201548
7,orbmol_v1_conservative,0.01286099,-12.60202561,16.13365432,28.73567993,4.69636805,9.66187983,4.96548421,7.31368202
7,orbmol_v1_direct,0.00762797,-14.78462924,10.45071292,25.23534216,2.51376442,3.97893842,1.46514644,2.72204243
7,orbmol_v2,0.01378744,-13.41949690,11.71171597,25.13121287,3.87889676,5.23994147,1.36101715,3.30047931
7,polar-1-l,0.20370349,-7.97296337,13.88198720,21.85495057,9.32543029,7.41021271,-1.91524515,4.66272893
7,polar-1-m,0.09356034,-9.97942118,12.58024224,22.55966342,7.31897248,6.10846774,-1.21053230,3.65950002
7,polar-1-s,0.04717766,-14.47919747,10.48401785,24.96321532,2.81919619,4.01224335,1.19301960,2.60263148
7,uma-m-1p1,0.09533738,-15.16106768,8.61809394,23.77916162,2.13732598,2.14631945,0.00896590,1.07764267
7,uma-s-1p1,0.04441506,-15.95645509,8.10770469,24.06415978,1.34193857,1.63593019,0.29396406,0.96494713
7,uma-s-1p2,0.04304627,-14.30705137,9.16626382,23.47331519,2.99134229,2.69448933,-0.29688053,1.49568493
8,aimnet2-nse,0.00331066,-37.40894652,0.41426115,37.82320767,-2.71957052,0.85798792,3.57750316,2.21774554
8,allscaip-md-conserving-all-omol,0.05427466,-36.70941389,-1.53572178,35.17369211,-2.02003789,-1.09199501,0.92798760,1.00999131
8,allscaip-md-direct-all-omol,0.01885521,-35.30892659,0.48436426,35.79329085,-0.61955059,0.92809103,1.54758634,1.23783868
8,esen-md-direct-all-omol,0.02542246,-36.53464696,-1.94468807,34.58995889,-1.84527096,-1.50096130,0.34425438,0.92260784
8,esen-sm-conserving-all-omol,0.03567870,-35.31663210,1.04098535,36.35761745,-0.62725610,1.48471212,2.11191294,1.79831253
8,esen-sm-direct-all-omol,0.01256679,-35.88862777,-0.98055250,34.90807527,-1.19925177,-0.53682573,0.66237076,0.59959825
8,extra_large,0.04827157,-34.89721818,-0.17547383,34.72174435,-0.20784218,0.26825294,0.47603984,0.37214639
8,orbmol_v1_conservative,0.01249934,-35.52010033,1.14738533,36.66748566,-0.83072433,1.59111210,2.42178115,2.00644662
8,orbmol_v1_direct,0.00753340,-35.66066031,0.98003182,36.64069213,-0.97128431,1.42375859,2.39498762,1.90937310
8,orbmol_v2,0.01329440,-34.87589226,0.18856158,35.06445384,-0.18651626,0.63228835,0.81874933,0.72551884
8,polar-1-l,0.13694501,-35.98575068,-1.16988075,34.81586993,-1.29637468,-0.72615398,0.57016542,0.64815970
8,polar-1-m,0.06635750,-36.99197831,1.12902216,38.12100047,-2.30260231,1.57274893,3.87529596,2.72402244
8,polar-1-s,0.04188313,-32.94129042,7.74879325,40.69008367,1.74808558,8.19252002,6.44437916,7.31844959
8,uma-m-1p1,0.09526176,-35.63126671,-0.82253850,34.80872821,-0.94189071,-0.37881173,0.56302370,0.47091772
8,uma-s-1p1,0.04468638,-34.59545511,0.50587191,35.10132702,0.09392089,0.94959868,0.85562251,0.90261059
8,uma-s-1p2,0.04247588,-37.04194819,-2.30926905,34.73267914,-2.35257219,-1.86554228,0.48697463,1.17625846
9,aimnet2-nse,0.00336940,-8.39544513,19.50076424,27.89620937,2.17271560,10.37670589,8.20397344,9.29033966
9,allscaip-md-conserving-all-omol,0.05413300,-10.11369839,11.67835923,21.79205762,0.45446234,2.55430088,2.09982169,2.32706128
9,allscaip-md-direct-all-omol,0.01880427,-8.51674468,11.79993790,20.31668258,2.05141605,2.67587955,0.62444665,1.65016310
9,esen-md-direct-all-omol,0.02563388,-9.21597916,11.69731590,20.91329506,1.35218157,2.57325755,1.22105913,1.89715834
9,esen-sm-conserving-all-omol,0.04050779,-10.13025677,12.25076815,22.38102492,0.43790396,3.12670980,2.68878899,2.90774939
9,esen-sm-direct-all-omol,0.01289437,-10.61416998,15.62265655,26.23682653,-0.04600925,6.49859820,6.54459060,6.52159440
9,extra_large,0.09540853,-10.29853196,14.67241431,24.97094627,0.26962877,5.54835596,5.27871034,5.41353315
9,orbmol_v1_conservative,0.01280926,-7.89044104,15.21804536,23.10848640,2.67771969,6.09398701,3.41625047,4.75511874
9,orbmol_v1_direct,0.00826572,-11.92421264,12.62439448,24.54860712,-1.35605191,3.50033613,4.85637119,4.17835366
9,orbmol_v2,0.01491498,-10.00039980,11.83659898,21.83699878,0.56776093,2.71254063,2.14476285,2.42865174
9,polar-1-l,0.19963227,-9.13430162,12.67323025,21.80753187,1.43385911,3.54917190,2.11529594,2.83223392
9,polar-1-m,0.09130047,-8.88884930,15.84254910,24.73139840,1.67931143,6.71849075,5.03916247,5.87882661
9,polar-1-s,0.04530084,-2.10446660,26.84737905,28.95184565,8.46369413,17.72332070,9.25960972,13.49146521
9,uma-m-1p1,0.09542480,-9.50427193,11.05107431,20.55534624,1.06388880,1.92701596,0.86311031,1.39506313
9,uma-s-1p1,0.04428275,-10.09442575,13.03482600,23.12925175,0.47373498,3.91076765,3.43701582,3.67389173
9,uma-s-1p2,0.04697604,-9.62356058,11.32885787,20.95241845,0.94460015,2.20479952,1.26018252,1.73249102
10,aimnet2-nse,0.03045017,7.34561853,19.72414737,12.37852884,0.44066219,3.39887219,2.95822100,3.17854659
10,allscaip-md-conserving-all-omol,0.05978442,9.16738824,17.95514619,8.78775795,2.26243190,1.62987101,-0.63254989,1.13121045
10,allscaip-md-direct-all-omol,0.01951413,8.46724285,17.17958388,8.71234103,1.56228651,0.85430870,-0.70796681,0.78113776
10,esen-md-direct-all-omol,0.02650122,10.32578275,18.46641416,8.14063141,3.42082641,2.14113898,-1.27967643,1.71040771
10,esen-sm-conserving-all-omol,0.03702066,9.38814814,20.89489843,11.50675029,2.48319180,4.56962325,2.08644245,3.32803285
10,esen-sm-direct-all-omol,0.01344298,11.08424088,20.44017444,9.35593356,4.17928454,4.11489926,-0.06437428,2.08963677
10,extra_large,0.17268795,3.87645027,17.91811049,14.04166022,-3.02850607,1.59283531,4.62135238,3.10709384
10,orbmol_v1_conservative,0.01243962,12.23511236,21.32781215,9.09269979,5.33015602,5.00253697,-0.32760805,2.66507251
10,orbmol_v1_direct,0.04608373,7.70906607,20.64825631,12.93919024,0.80410973,4.32298113,3.51888240,3.92093176
10,orbmol_v2,0.02707309,12.73132631,21.57880423,8.84747792,5.82636997,5.25352905,-0.57282992,2.91317949
10,polar-1-l,0.28672226,8.07167875,15.82589202,7.75421327,1.16672241,-0.49938316,-1.66609457,1.08273887
10,polar-1-m,0.18235104,9.59450971,17.14919305,7.55468334,2.68955337,0.82391787,-1.86562450,1.34477119
10,polar-1-s,0.14513973,11.13151274,16.55833791,5.42682517,4.22655640,0.23306273,-3.99348267,2.11327270
10,uma-m-1p1,0.10724804,8.52564163,17.16777909,8.64213746,1.62068529,0.84250391,-0.77817038,0.81033715
10,uma-s-1p1,0.04437507,8.23136957,18.04915957,9.81779000,1.32641323,1.72388439,0.39748216,1.06068327
10,uma-s-1p2,0.04474287,8.97665668,18.45075846,9.47410178,2.07170034,2.12548328,0.05379394,1.08963861
11,aimnet2-nse,0.00338159,1.45414108,13.37709321,11.92295213,-1.26172562,2.65327096,3.91500092,3.28413594
11,allscaip-md-conserving-all-omol,0.06122487,4.29783056,11.49623039,7.19839983,1.58196386,0.77240814,-0.80955138,0.79097976
11,allscaip-md-direct-all-omol,0.02032229,3.35096511,10.71742972,7.36646461,0.63509841,-0.00639253,-0.64148661,0.32393957
11,esen-md-direct-all-omol,0.02611397,3.75441443,11.04864310,7.29422867,1.03854773,0.32482085,-0.71372254,0.51927170
11,esen-sm-conserving-all-omol,0.03551619,3.90279066,13.32830730,9.42551664,1.18692396,2.60448505,1.41756543,2.01102524
11,esen-sm-direct-all-omol,0.01296754,3.89377582,15.83400370,11.94022788,1.17790912,5.11018145,3.93227667,4.52122906
11,extra_large,0.05454478,2.51167674,10.37628429,7.86460755,-0.20418996,-0.34753796,-0.14334366,0.24544081
11,orbmol_v1_conservative,0.01170216,4.03955079,9.17539891,5.13584812,1.32368409,-1.54842334,-2.87210310,2.21026322
11,orbmol_v1_direct,0.00856224,1.22343261,12.38558422,11.16215161,-1.49243409,1.66176197,3.15420040,2.40798118
11,orbmol_v2,0.01555545,4.05903867,12.05106194,7.99202327,1.34317197,1.32723969,-0.01592795,0.67158382
11,polar-1-l,0.15114149,7.56539370,9.80009293,2.23469923,4.84952700,-0.92372932,-5.77325198,3.34849065
11,polar-1-m,0.07501509,10.53477363,12.48385923,1.94908560,7.81890693,1.76003698,-6.05886561,3.90945130
11,polar-1-s,0.04369111,10.28848974,12.13889292,1.85040318,7.57262304,1.41507067,-6.15754804,3.78630935
11,uma-m-1p1,0.10651620,4.05306248,11.27625024,7.22318776,1.33719578,0.55242799,-0.78476345,0.66859572
11,uma-s-1p1,0.04488388,2.59470910,10.67119552,8.07648642,-0.12115760,-0.05262673,0.06853521,0.06058097
11,uma-s-1p2,0.04867417,3.63769008,11.60202962,7.96433954,0.92182338,0.87820737,-0.04361168,0.46090952
12,aimnet2-nse,0.00335465,-33.63095947,6.48463454,40.11559401,2.92500951,6.94737289,4.02230512,5.48483900
12,allscaip-md-conserving-all-omol,0.05897691,-37.97845623,-1.27475071,36.70370552,-1.42248725,-0.81201236,0.61041663,0.71121450
12,allscaip-md-direct-all-omol,0.01906870,-38.09511689,-1.67447091,36.42064598,-1.53914791,-1.21173256,0.32735709,0.76954483
12,esen-md-direct-all-omol,0.02590712,-38.10064251,-1.82688676,36.27375575,-1.54467353,-1.36414841,0.18046686,0.77230764
12,esen-sm-conserving-all-omol,0.03654910,-38.73919485,-0.91464314,37.82455171,-2.18322587,-0.45190479,1.73126282,1.09158381
12,esen-sm-direct-all-omol,0.01286601,-37.95397308,1.49979443,39.45376751,-1.39800410,1.96253278,3.36047862,2.66150570
12,extra_large,0.06388592,-39.91643403,-0.34239026,39.57404377,-3.36046505,0.12034809,3.48075488,1.80055148
12,orbmol_v1_conservative,0.01117461,-37.98762425,0.46279261,38.45041686,-1.43165527,0.92553096,2.35712797,1.64132946
12,orbmol_v1_direct,0.00846703,-38.18465095,-0.66563544,37.51901551,-1.62868197,-0.20289709,1.42572662,0.81431186
12,orbmol_v2,0.01503708,-37.62552868,-1.00038498,36.62514370,-1.06955970,-0.53764663,0.53185481,0.53475072
12,polar-1-l,0.15916431,-37.69429575,1.63933983,39.33363558,-1.13832677,2.10207818,3.24034669,2.67121243
12,polar-1-m,0.07822378,-37.92753045,5.06381921,42.99134966,-1.37156147,5.52655756,6.89806077,6.21230916
12,polar-1-s,0.04252658,-40.04216111,9.82232835,49.86448946,-3.48619213,10.28506670,13.77120057,12.02813363
12,uma-m-1p1,0.10256566,-37.51611943,-0.46529433,37.05082510,-0.96015045,-0.00255598,0.95753621,0.48004610
12,uma-s-1p1,0.04382044,-37.49747024,-0.25953333,37.23793691,-0.94150126,0.20320502,1.14464802,0.67392652
12,uma-s-1p2,0.04947135,-38.00287020,-0.22084966,37.78202054,-1.44690122,0.24188869,1.68873165,0.96531017
13,aimnet2-nse,0.00371202,-24.51431256,-0.53653302,23.97777954,-2.47462050,-10.59482220,-8.12023682,9.35752951
13,allscaip-md-conserving-all-omol,0.05896587,-22.70989881,8.96540588,31.67530469,-0.67020675,-1.09288330,-0.42271167,0.75779748
13,allscaip-md-direct-all-omol,0.02038579,-22.98242681,9.27719554,32.25962235,-0.94273475,-0.78109364,0.16160599,0.47134981
13,esen-md-direct-all-omol,0.02582635,-20.67310966,11.82750884,32.50061850,1.36658240,1.76921966,0.40260214,1.08591090
13,esen-sm-conserving-all-omol,0.03583877,-21.06684352,8.94529947,30.01214299,0.97284854,-1.11298971,-2.08587337,1.59943154
13,esen-sm-direct-all-omol,0.01311839,-19.92306602,12.72614619,32.64921221,2.11662604,2.66785701,0.55119585,1.60952643
13,extra_large,0.07815959,-22.23462159,6.94331088,29.17793247,-0.19492953,-3.11497830,-2.92008389,3.01753110
13,orbmol_v1_conservative,0.01129628,-18.96616306,14.98590612,33.95206918,3.07352900,4.92761694,1.85405282,3.39083488
13,orbmol_v1_direct,0.00967713,-20.54528277,15.30926166,35.85454443,1.49440929,5.25097248,3.75652807,4.50375027
13,orbmol_v2,0.02711182,-17.58891471,15.25533871,32.84425342,4.45077735,5.19704953,0.74623706,2.97164329
13,polar-1-l,0.18902759,-23.73120572,5.27994551,29.01115123,-1.69151366,-4.77834367,-3.08686513,3.93260440
13,polar-1-m,0.08844691,-22.93487767,5.65533332,28.59021099,-0.89518561,-4.40295586,-3.50780537,3.95538062
13,polar-1-s,0.04844166,-19.98306275,6.66539358,26.64845633,2.05662931,-3.39289560,-5.44956003,4.42122781
13,uma-m-1p1,0.10058219,-22.48127168,8.73700322,31.21827490,-0.44157962,-1.32128596,-0.87974146,1.10051371
13,uma-s-1p1,0.04492864,-22.25190988,10.07647173,32.32838161,-0.21221782,0.01818255,0.23036525,0.12427390
13,uma-s-1p2,0.04724819,-22.06078680,8.54600950,30.60679630,-0.02109474,-1.51227968,-1.49122006,1.50174987
14,aimnet2-nse,0.00333682,-43.85589942,2.80280471,46.65870413,3.41011463,19.38829489,15.97810494,17.68319992
14,allscaip-md-conserving-all-omol,0.05906232,-46.55996398,-13.07538412,33.48457986,0.70605007,3.51010606,2.80398067,3.15704337
14,allscaip-md-direct-all-omol,0.01969807,-47.23349940,-14.01045691,33.22304249,0.03251465,2.57503327,2.54244330,2.55873829
14,esen-md-direct-all-omol,0.02620812,-46.42501204,-14.67624148,31.74877056,0.84100201,1.90924870,1.06817137,1.48871004
14,esen-sm-conserving-all-omol,0.03669152,-45.01510185,-11.40190595,33.61319590,2.25091220,5.18358423,2.93259671,4.05809047
14,esen-sm-direct-all-omol,0.01275180,-45.08191109,-6.92151466,38.16039643,2.18410296,9.66397552,7.47979724,8.57188638
14,extra_large,0.06218943,-47.60417029,-10.43277889,37.17139140,-0.33815624,6.15271129,6.49079221,6.32175175
14,orbmol_v1_conservative,0.01154730,-44.82609268,-5.25768314,39.56840954,2.43992137,11.32780704,8.88781035,10.10780869
14,orbmol_v1_direct,0.00839879,-45.37196852,-3.19797031,42.17399821,1.89404553,13.38751987,11.49339902,12.44045945
14,orbmol_v2,0.01512694,-46.10774965,-11.54711084,34.56063881,1.15826440,5.03837934,3.88003962,4.45920948
14,polar-1-l,0.16550724,-46.53959359,-12.10539071,34.43420288,0.72642046,4.48009947,3.75360369,4.11685158
14,polar-1-m,0.07914100,-43.76618639,-2.47502072,41.29116567,3.49982766,14.11046946,10.61056648,12.36051797
14,polar-1-s,0.04048285,-38.77494539,5.81132190,44.58626729,8.49106866,22.39681208,13.90566810,18.15124009
14,uma-m-1p1,0.09725372,-46.72245580,-15.37007345,31.35238235,0.54355825,1.21541673,0.67178316,0.94359995
14,uma-s-1p1,0.04488448,-46.32973674,-13.50233281,32.82740393,0.93627731,3.08315737,2.14680474,2.61498106
14,uma-s-1p2,0.05062030,-46.86232305,-13.91559526,32.94672779,0.40369100,2.66989492,2.26612860,2.46801176
15,aimnet2-nse,0.00329806,-10.54797546,26.49385861,37.04183407,1.20313108,6.19753158,4.99438177,5.59595668
15,allscaip-md-conserving-all-omol,0.05813675,-13.80140544,22.60499369,36.40639913,-2.05029890,2.30866666,4.35894683,3.33380675
15,allscaip-md-direct-all-omol,0.02045015,-14.86228974,18.76771389,33.63000363,-3.11118320,-1.52861314,1.58255133,1.55558224
15,esen-md-direct-all-omol,0.02554844,-12.28416504,21.58315516,33.86732020,-0.53305850,1.28682813,1.81986790,1.55334802
15,esen-sm-conserving-all-omol,0.03571956,-13.62288549,23.08399737,36.70688286,-1.87177895,2.78767034,4.65943056,3.72355045
15,esen-sm-direct-all-omol,0.01284725,-15.34412641,19.86861923,35.21274564,-3.59301987,-0.42770780,3.16529334,1.79650057
15,extra_large,0.05363088,-13.82841514,23.67187687,37.50029201,-2.07730860,3.37554984,5.45283971,4.41419477
15,orbmol_v1_conservative,0.01095749,-15.37935785,21.59618430,36.97554215,-3.62825131,1.29985727,4.92808985,3.11397356
15,orbmol_v1_direct,0.00874880,-14.57789764,27.07367640,41.65157404,-2.82679110,6.77734937,9.60412174,8.19073555
15,orbmol_v2,0.01647916,-14.36775750,20.54415257,34.91191007,-2.61665096,0.24782554,2.86445777,1.55614165
15,polar-1-l,0.14985762,-16.26997334,20.76417483,37.03414817,-4.51886680,0.46784780,4.98669587,2.72727184
15,polar-1-m,0.07346426,-16.60357841,18.73092704,35.33450545,-4.85247187,-1.56539999,3.28705315,2.42622657
15,polar-1-s,0.03899001,-10.35877572,21.13851190,31.49728762,1.39233082,0.84218487,-0.55016468,0.69617477
15,uma-m-1p1,0.09522372,-13.50950168,20.66538777,34.17488945,-1.75839514,0.36906074,2.12743715,1.24824894
15,uma-s-1p1,0.04415495,-14.07987825,24.40287518,38.48275343,-2.32877171,4.10654815,6.43530113,5.27092464
15,uma-s-1p2,0.05181594,-13.86467265,21.56725651,35.43192916,-2.11356611,1.27092948,3.38447686,2.32770317
16,aimnet2-nse,0.00328957,-8.21423740,20.17512536,28.38936276,1.37301279,3.59510000,2.22207194,2.90858597
16,allscaip-md-conserving-all-omol,0.05774306,-9.67130978,20.38953261,30.06084239,-0.08405959,3.80950725,3.89355157,3.85152941
16,allscaip-md-direct-all-omol,0.01998151,-9.89906157,17.80651498,27.70557655,-0.31181138,1.22648962,1.53828573,1.38238767
16,esen-md-direct-all-omol,0.02633189,-8.09855350,20.51999556,28.61854906,1.48869669,3.93997020,2.45125824,3.19561422
16,esen-sm-conserving-all-omol,0.03592808,-9.67569313,20.41418174,30.08987487,-0.08844294,3.83415638,3.92258405,3.87837021
16,esen-sm-direct-all-omol,0.01345595,-8.77253627,19.32853368,28.10106995,0.81471392,2.74850832,1.93377913,2.34114373
16,extra_large,0.05630150,-9.51490195,20.98739126,30.50229321,0.07234824,4.40736590,4.33500239,4.37118414
16,orbmol_v1_conservative,0.01168523,-10.60227760,20.00093773,30.60321533,-1.01502741,3.42091237,4.43592451,3.92841844
16,orbmol_v1_direct,0.00877853,-9.28509099,25.94445859,35.22954958,0.30215920,9.36443323,9.06225876,9.21334599
16,orbmol_v2,0.01718044,-8.28950560,20.99470786,29.28421346,1.29774459,4.41468250,3.11692264,3.76580257
16,polar-1-l,0.15253360,-10.43625697,19.19323017,29.62948714,-0.84900678,2.61320481,3.46219632,3.03770057
16,polar-1-m,0.07492391,-8.60292851,19.04178709,27.64471560,0.98432168,2.46176173,1.47742478,1.96959326
16,polar-1-s,0.03942747,-7.41510482,17.77700578,25.19211060,2.17214537,1.19698042,-0.97518022,1.08608032
16,uma-m-1p1,0.09628176,-9.30248970,18.91223757,28.21472727,0.28476049,2.33221221,2.04743645,2.18982433
16,uma-s-1p1,0.04525031,-9.29237514,22.89319821,32.18557335,0.29487505,6.31317285,6.01828253,6.16572769
16,uma-s-1p2,0.05240355,-8.84203706,19.31069455,28.15273161,0.74521313,2.73066919,1.98544079,2.35805499
17,aimnet2-nse,0.00329269,-16.06869244,12.62804998,28.69674242,1.39403735,2.92362972,1.52956453,2.22659712
17,allscaip-md-conserving-all-omol,0.06130300,-20.25297102,4.72777086,24.98074188,-2.79024123,-4.97664940,-2.18643601,3.58154271
17,allscaip-md-direct-all-omol,0.01990453,-21.47625986,6.35673979,27.83299965,-4.01353007,-3.34768047,0.66582176,2.00675112
17,esen-md-direct-all-omol,0.02563090,-19.74682214,5.46279485,25.20961699,-2.28409235,-4.24162541,-1.95756090,3.09959316
17,esen-sm-conserving-all-omol,0.03580202,-19.89260851,2.31205191,22.20466042,-2.42987872,-7.39236836,-4.96251747,6.17744291
17,esen-sm-direct-all-omol,0.01298924,-22.27096811,6.51226244,28.78323055,-4.80823832,-3.19215783,1.61605266,2.40410524
17,extra_large,0.05608715,-19.99934123,6.38417665,26.38351788,-2.53661144,-3.32024362,-0.78366001,2.05195181
17,orbmol_v1_conservative,0.01076637,-21.24361206,8.55173985,29.79535191,-3.78088227,-1.15268042,2.62817402,1.89042722
17,orbmol_v1_direct,0.00849839,-20.65706807,11.89591251,32.55298058,-3.19433828,2.19149225,5.38580269,3.78864747
17,orbmol_v2,0.01518726,-19.88993665,3.45332804,23.34326469,-2.42720686,-6.25109223,-3.82391320,5.03750271
17,polar-1-l,0.15726908,-21.64217287,2.85099219,24.49316506,-4.17944308,-6.85342807,-2.67401283,4.76372045
17,polar-1-m,0.07619882,-21.26755002,5.91333839,27.18088841,-3.80482023,-3.79108188,0.01371052,1.90239620
17,polar-1-s,0.03964521,-13.62942451,9.18297616,22.81240067,3.83330528,-0.52144410,-4.35477722,2.43811066
17,uma-m-1p1,0.09816643,-20.25782301,5.28877910,25.54660211,-2.79509322,-4.41564117,-1.62057578,3.01810847
17,uma-s-1p1,0.04374157,-19.92590000,3.66054799,23.58644799,-2.46317021,-6.04387228,-3.58072990,4.81230109
17,uma-s-1p2,0.05276852,-20.37315333,5.72842852,26.10158185,-2.91042354,-3.97599175,-1.06559604,2.52079389
18,aimnet2-nse,0.02459758,2.11672734,6.68214786,4.56542052,8.70904125,5.91462476,-2.79442700,4.35452588
18,allscaip-md-conserving-all-omol,0.04265352,-9.96031399,-0.93486376,9.02545023,-3.36800008,-1.70238686,1.66560271,1.68399479
18,allscaip-md-direct-all-omol,0.01440860,-9.16891315,0.52863408,9.69754723,-2.57659924,-0.23888902,2.33769971,1.28829437
18,esen-md-direct-all-omol,0.01937236,-10.03822209,-1.79953353,8.23868856,-3.44590818,-2.56705663,0.87884104,1.72294884
18,esen-sm-conserving-all-omol,0.02674859,-9.57674151,-1.66937126,7.90737025,-2.98442760,-2.43689436,0.54752273,1.49220855
18,esen-sm-direct-all-omol,0.00989034,-9.24373924,-1.50088643,7.74285281,-2.65142533,-2.26840953,0.38300529,1.32570741
18,extra_large,0.04454916,-8.56570903,-0.25972696,8.30598207,-1.97339512,-1.02725006,0.94613455,0.98669231
18,orbmol_v1_conservative,0.79642299,-3.25408098,3.14948857,6.40356955,3.33823293,2.38196547,-0.95627797,1.66912172
18,orbmol_v1_direct,0.01297112,-13.20009038,-6.53904973,6.66104065,-6.60777647,-7.30657283,-0.69880687,4.00268985
18,orbmol_v2,0.95613445,-13.02317175,-5.03574212,7.98742963,-6.43085784,-5.80326522,0.62758211,3.21542367
18,polar-1-l,0.12665645,-2.96681485,5.56043656,8.52725141,3.62549906,4.79291346,1.16740389,2.98015868
18,polar-1-m,0.06608099,-11.23799410,-3.18912722,8.04886688,-4.64568019,-3.95665032,0.68901936,2.32283484
18,polar-1-s,0.04028809,-14.14653274,-0.99910177,13.14743097,-7.55421883,-1.76662487,5.78758345,3.77710416
18,uma-m-1p1,0.07192899,-9.81757054,-0.85033462,8.96723592,-3.22525663,-1.61785772,1.60738840,1.61262306
18,uma-s-1p1,0.03279525,-9.85149127,-0.88207829,8.96941298,-3.25917736,-1.64960139,1.60956546,1.62958343
18,uma-s-1p2,0.04846022,-9.68074981,-1.59344645,8.08730336,-3.08843590,-2.36096955,0.72745584,1.54421270
19,aimnet2-nse,0.02447402,10.48285623,14.79812039,4.31526416,10.81776177,10.35003060,-0.46773170,5.40888115
19,allscaip-md-conserving-all-omol,0.04422306,-3.73620328,2.34916311,6.08536639,-3.40129774,-2.09892668,1.30237053,1.70064860
19,allscaip-md-direct-all-omol,0.01443913,-3.01039090,2.51946218,5.52985308,-2.67548536,-1.92862761,0.74685722,1.33774241
19,esen-md-direct-all-omol,0.01948705,-4.31912124,1.15694256,5.47606380,-3.98421570,-3.29114723,0.69306794,1.99210758
19,esen-sm-conserving-all-omol,0.02751200,-3.04192827,2.11306482,5.15499309,-2.70702273,-2.33502497,0.37199723,1.35351110
19,esen-sm-direct-all-omol,0.00974810,-2.40382681,3.25502664,5.65885345,-2.06892127,-1.19306315,0.87585759,1.03446037
19,extra_large,0.04067159,-1.25332286,5.02570440,6.27902726,-0.91841732,0.57761461,1.49603140,1.03682300
19,orbmol_v1_conservative,0.79606858,2.62014398,6.31511190,3.69496792,2.95504952,1.86702211,-1.08802794,1.47752503
19,orbmol_v1_direct,0.01311032,-6.14263659,-0.75369874,5.38893785,-5.80773105,-5.20178853,0.60594199,2.90386526
19,orbmol_v2,0.95553685,-6.82249242,-1.47608772,5.34640470,-6.48758688,-5.92417751,0.56340884,3.24379317
19,polar-1-l,0.13382037,4.55793357,9.44569288,4.88775931,4.89283911,4.99760309,0.10476345,2.55118327
19,polar-1-m,0.06911247,-3.97808592,1.25195421,5.23004013,-3.64318038,-3.19613558,0.44704427,1.82158992
19,polar-1-s,0.03943036,-8.27852396,-0.64056312,7.63796084,-7.94361842,-5.08865291,2.85496498,3.97180894
19,uma-m-1p1,0.07183213,-3.36104555,2.38420826,5.74525381,-3.02614001,-2.06388153,0.96225795,1.51306974
19,uma-s-1p1,0.03278539,-3.68614555,2.95492212,6.64106767,-3.35124001,-1.49316767,1.85807181,1.67561974
19,uma-s-1p2,0.04887783,-3.33026421,2.08489620,5.41516041,-2.99535867,-2.36319359,0.63216455,1.49767907
20,aimnet2-nse,0.00333140,-4.80940993,15.16887768,19.97828761,-7.13319030,4.42949023,11.56268424,7.99608723
20,allscaip-md-conserving-all-omol,0.05890353,1.04354616,10.98880863,9.94526247,-1.28023421,0.24942118,1.52965910,0.88954014
20,allscaip-md-direct-all-omol,0.01900615,1.98296449,13.69649482,11.71353033,-0.34081588,2.95710737,3.29792696,3.12751716
20,esen-md-direct-all-omol,0.02582053,0.70540264,10.87312015,10.16771751,-1.61837773,0.13373270,1.75211414,0.94292342
20,esen-sm-conserving-all-omol,0.03646383,-3.09396738,10.01678203,13.11074941,-5.41774775,-0.72260542,4.69514604,2.70887573
20,esen-sm-direct-all-omol,0.01332986,-1.40647821,16.22305894,17.62953715,-3.73025858,5.48367149,9.21393378,7.34880263
20,extra_large,0.06803316,-6.77331519,7.92646019,14.69977538,-9.09709556,-2.81292726,6.28417201,4.54854963
20,orbmol_v1_conservative,0.01300117,-3.16053969,16.71080802,19.87134771,-5.48432006,5.97142057,11.45574434,8.71358245
20,orbmol_v1_direct,0.00852485,-1.00990466,18.77777050,19.78767516,-3.33368503,8.03838305,11.37207179,9.70522742
20,orbmol_v2,0.01380095,-2.52059535,11.13148337,13.65207872,-4.84437572,0.39209592,5.23647535,2.81428563
20,polar-1-l,0.16322579,0.19013494,8.28707766,8.09694272,-2.13364543,-2.45230979,-0.31866065,1.38548522
20,polar-1-m,0.07908564,0.85700049,8.53037376,7.67337327,-1.46677988,-2.20901369,-0.74223010,1.47562190
20,polar-1-s,0.03997820,9.37818181,16.66593174,7.28774993,7.05440144,5.92654429,-1.12785344,3.52719887
20,uma-m-1p1,0.09529528,0.06664450,11.00112072,10.93447622,-2.25713587,0.26173327,2.51887285,1.39030306
20,uma-s-1p1,0.04391396,0.87958801,11.51145415,10.63186614,-1.44419236,0.77206670,2.21626277,1.49416473
20,uma-s-1p2,0.04766932,0.52596078,9.58760223,9.06164145,-1.79781959,-1.15178522,0.64603808,0.89891165
21,aimnet2-nse,0.00332816,-11.42399895,9.24241718,20.66641613,-3.27342410,1.83944135,5.11285246,3.47614691
21,allscaip-md-conserving-all-omol,0.05913361,-8.63767458,8.30346105,16.94113563,-0.48709973,0.90048522,1.38757196,1.14402859
21,allscaip-md-direct-all-omol,0.01889629,-9.78981298,6.42930599,16.21911897,-1.63923813,-0.97366984,0.66555530,0.81961257
21,esen-md-direct-all-omol,0.02750816,-8.38640166,7.87734280,16.26374446,-0.23582681,0.47436697,0.71018079,0.59227388
21,esen-sm-conserving-all-omol,0.03621943,-8.96393121,7.54753240,16.51146361,-0.81335636,0.14455657,0.95789994,0.55122825
21,esen-sm-direct-all-omol,0.01274113,-8.81445162,8.67152550,17.48597712,-0.66387677,1.26854967,1.93241345,1.60048156
21,extra_large,0.07399951,-8.00665402,8.25050180,16.25715582,0.14392083,0.84752597,0.70359215,0.77555906
21,orbmol_v1_conservative,0.01221043,-8.24736844,6.83067010,15.07803854,-0.09679359,-0.57230573,-0.47552513,0.52391543
21,orbmol_v1_direct,0.00852274,-12.70912929,9.83841517,22.54754446,-4.55855444,2.43543934,6.99398079,4.71471006
21,orbmol_v2,0.01338805,-7.70559616,7.25755898,14.96315514,0.44497869,-0.14541685,-0.59040853,0.36791269
21,polar-1-l,0.16880579,-9.16330638,8.09511647,17.25842285,-1.01273153,0.69214064,1.70485918,1.19849991
21,polar-1-m,0.08368849,-11.14855612,8.33355052,19.48210664,-2.99798127,0.93057469,3.92854297,2.42955883
21,polar-1-s,0.04255383,-5.07329962,13.99118429,19.06448391,3.07727523,6.58820846,3.51092024,5.04956435
21,uma-m-1p1,0.09681646,-9.01742048,7.24566821,16.26308869,-0.86684563,-0.15730762,0.70952502,0.43341632
21,uma-s-1p1,0.04318281,-7.97072951,8.38821213,16.35894164,0.17984534,0.98523630,0.80537797,0.89530713
21,uma-s-1p2,0.04604398,-8.39171809,8.53296812,16.92468621,-0.24114324,1.12999229,1.37112254,1.25055742
22,aimnet2-nse,0.00329007,-13.98152351,26.05193677,40.03346028,-1.99046285,16.67982270,18.67026644,17.67504457
22,allscaip-md-conserving-all-omol,0.05991206,-14.42505316,9.12186564,23.54691880,-2.43399250,-0.25024843,2.18372496,1.21698669
22,allscaip-md-direct-all-omol,0.02009487,-14.08233791,9.68390241,23.76624032,-2.09127725,0.31178834,2.40304648,1.35741741
22,esen-md-direct-all-omol,0.02577785,-13.44585461,10.40664030,23.85249491,-1.45479395,1.03452623,2.48930107,1.76191365
22,esen-sm-conserving-all-omol,0.03519117,-14.34965552,8.60585891,22.95551443,-2.35859486,-0.76625516,1.59232059,1.17928787
22,esen-sm-direct-all-omol,0.01294218,-13.94534153,11.46330439,25.40864592,-1.95428087,2.09119032,4.04545208,3.06832120
22,extra_large,0.10393362,-13.32334909,10.38611262,23.70946171,-1.33228843,1.01399855,2.34626787,1.68013321
22,orbmol_v1_conservative,0.01240667,-14.53885379,11.27363717,25.81249096,-2.54779313,1.90152310,4.44929712,3.17541011
22,orbmol_v1_direct,0.00854543,-14.79002081,12.18318467,26.97320548,-2.79896015,2.81107060,5.61001164,4.21054112
22,orbmol_v2,0.01406960,-15.45894300,8.36702141,23.82596441,-3.46788234,-1.00509266,2.46277057,1.73393161
22,polar-1-l,0.20245271,-13.81940767,8.32438118,22.14378885,-1.82834701,-1.04773289,0.78059501,0.91416395
22,polar-1-m,0.09572713,-11.63871322,12.37311945,24.01183267,0.35234744,3.00100538,2.64863883,2.82482211
22,polar-1-s,0.04363954,-5.99982054,20.60581612,26.60563666,5.99124012,11.23370205,5.24244282,8.23807244
22,uma-m-1p1,0.09555271,-13.25364033,9.97755369,23.23119402,-1.26257967,0.60543962,1.86800018,1.23671990
22,uma-s-1p1,0.04387626,-13.78590975,9.50027383,23.28618358,-1.79484909,0.12815976,1.92298974,1.02557475
22,uma-s-1p2,0.04554990,-13.09010754,9.86537700,22.95548454,-1.09904688,0.49326293,1.59229070,1.04277682
23,aimnet2-nse,0.00339424,-4.85177612,18.66634918,23.51812530,-0.01138580,9.61413183,9.62550991,9.61982087
23,allscaip-md-conserving-all-omol,0.05895511,-3.07954496,10.21192129,13.29146625,1.76084536,1.15970394,-0.60114914,0.88042654
23,allscaip-md-direct-all-omol,0.01909689,-3.79743258,10.23456231,14.03199489,1.04295774,1.18234496,0.13937950,0.66086223
23,esen-md-direct-all-omol,0.02587528,-2.70373032,8.61372276,11.31745308,2.13666000,-0.43849459,-2.57516231,1.50682845
23,esen-sm-conserving-all-omol,0.03723121,-2.96941791,10.30404633,13.27346424,1.87097241,1.25182898,-0.61915115,0.93549006
23,esen-sm-direct-all-omol,0.01306721,-3.76960560,13.39065380,17.16025940,1.07078472,4.33843645,3.26764401,3.80304023
23,extra_large,0.06761563,-4.12236920,11.67276564,15.79513484,0.71802112,2.62054829,1.90251945,2.26153387
23,orbmol_v1_conservative,0.01297918,-1.77564626,14.02288186,15.79852812,3.06474406,4.97066451,1.90591273,3.43828862
23,orbmol_v1_direct,0.00842210,-3.21697180,15.91248923,19.12946103,1.62341852,6.86027188,5.23684564,6.04855876
23,orbmol_v2,0.01379914,-3.90530734,7.88381313,11.78912047,0.93508298,-1.16840422,-2.10349492,1.63594957
23,polar-1-l,0.16150035,-4.65988762,6.86302131,11.52290893,0.18050270,-2.18919604,-2.36970646,2.27945125
23,polar-1-m,0.07923847,-5.26600300,11.98211428,17.24811728,-0.42561268,2.92989693,3.35550189,3.14269941
23,polar-1-s,0.04071642,-4.13817093,16.29367818,20.43184911,0.70221939,7.24146083,6.53923372,6.89034727
23,uma-m-1p1,0.09466150,-3.42817767,9.91172588,13.33990355,1.41221265,0.85950853,-0.55271184,0.70611018
23,uma-s-1p1,0.04409567,-3.30095229,9.68575726,12.98670955,1.53943803,0.63353991,-0.90590584,0.76972287
23,uma-s-1p2,0.04411897,-3.13219778,10.13124172,13.26343950,1.70819254,1.07902437,-0.62917589,0.85410013
24,aimnet2-nse,0.00352308,-14.80037322,8.83880494,23.63917816,-4.29058153,4.34768054,8.63824532,6.49296293
24,allscaip-md-conserving-all-omol,0.05913668,-23.85915072,-8.65288772,15.20626300,-13.34935903,-13.14401212,0.20533016,6.67467114
24,allscaip-md-direct-all-omol,0.01894691,-15.10551375,0.05156908,15.15708283,-4.59572206,-4.43955532,0.15614999,2.29785266
24,esen-md-direct-all-omol,0.02605052,-8.33563486,5.64252598,13.97816084,2.17415683,1.15140158,-1.02277200,1.08708679
24,esen-sm-conserving-all-omol,0.03574715,-10.13212959,5.62626499,15.75839458,0.37766210,1.13514059,0.75746174,0.94630116
24,esen-sm-direct-all-omol,0.01354451,-8.89902351,7.39910340,16.29812691,1.61076818,2.90797900,1.29719407,2.10258653
24,extra_large,0.08113318,-13.73632238,3.67155901,17.40788139,-3.22653069,-0.81956539,2.40694855,1.61325697
24,orbmol_v1_conservative,0.01266578,-15.89683074,3.37038427,19.26721501,-5.38703905,-1.12074013,4.26628217,2.69351115
24,orbmol_v1_direct,0.00793639,-10.39250511,10.04750058,20.44000569,0.11728658,5.55637618,5.43907285,5.49772451
24,orbmol_v2,0.01340113,-11.85704354,2.46477351,14.32181705,-1.34725185,-2.02635089,-0.67911579,1.35273334
24,polar-1-l,0.17424316,-12.44183025,2.91740540,15.35923565,-1.93203856,-1.57371900,0.35830281,0.96601091
24,polar-1-m,0.08503382,-14.71247160,5.98663789,20.69910949,-4.20267991,1.49551349,5.69817665,3.59684507
24,polar-1-s,0.04218646,-9.81070749,9.20220342,19.01291091,0.69908420,4.71107902,4.01197807,4.36152854
24,uma-m-1p1,0.18964898,-24.37494200,-8.82884508,15.54609692,-13.86515031,-13.31996948,0.54516408,6.93256678
24,uma-s-1p1,0.04391426,-14.33030437,3.47483090,17.80513527,-3.82051268,-1.01629350,2.80420243,1.91024797
24,uma-s-1p2,0.04523428,-26.67623887,-11.41764090,15.25859797,-16.16644718,-15.90876530,0.25766513,8.08321522
25,aimnet2-nse,0.00391346,-2.87970179,14.68048898,17.56019077,-0.55937716,1.78570448,2.34507794,2.06539121
25,allscaip-md-conserving-all-omol,0.05822566,-14.41969889,-0.36633320,14.05336569,-12.09937426,-13.26111770,-1.16174714,7.21143242
25,allscaip-md-direct-all-omol,0.01911687,-18.58243518,-4.94726042,13.63517476,-16.26211055,-17.84204492,-1.57993807,9.71099149
25,esen-md-direct-all-omol,0.02584926,2.49298839,14.59232899,12.09934060,4.81331302,1.69754449,-3.11577223,2.40665836
25,esen-sm-conserving-all-omol,0.03605495,9.50535928,24.41841085,14.91305157,11.82568391,11.52362635,-0.30206126,5.91284380
25,esen-sm-direct-all-omol,0.01281715,1.37887698,17.54166004,16.16278306,3.69920161,4.64687554,0.94767023,2.79727289
25,extra_large,0.07160571,-6.85893926,15.56812934,22.42706860,-4.53861463,2.67334484,7.21195577,4.94265030
25,orbmol_v1_conservative,0.01304586,-3.17635246,11.78888954,14.96524200,-0.85602783,-1.10589496,-0.24987083,0.67788289
25,orbmol_v1_direct,0.00834696,-0.29990279,15.59236442,15.89226721,2.02042184,2.69757992,0.67715438,1.68736715
25,orbmol_v2,0.01402972,14.63832682,27.90012552,13.26179870,16.95865145,15.00534102,-1.95331413,8.47932757
25,polar-1-l,0.16899634,0.01508190,9.69871451,9.68363261,2.33540653,-3.19606999,-5.53148022,4.36377511
25,polar-1-m,0.08438132,-1.44700397,11.19159960,12.63860357,0.87332066,-1.70318490,-2.57650926,2.13984708
25,polar-1-s,0.04599265,2.15056521,13.56753685,11.41697164,4.47088984,0.67275235,-3.79814119,2.23544677
25,uma-m-1p1,0.10252208,-4.12698644,9.26155243,13.38853887,-1.80666181,-3.63323207,-1.82657396,2.72990301
25,uma-s-1p1,0.04393796,-10.76722883,3.19355233,13.96078116,-8.44690420,-9.70123217,-1.25433167,5.47778192
25,uma-s-1p2,0.04462379,-14.13502141,-1.65592230,12.47909911,-11.81469678,-14.55070680,-2.73601372,8.64336026
26,aimnet2-nse,0.00342475,-4.19222911,7.18440333,11.37663244,-2.96572878,-8.41766988,-5.45194305,6.93480646
26,allscaip-md-conserving-all-omol,0.05846842,-16.81939635,-4.54903334,12.27036301,-15.59289602,-20.15110655,-4.55821248,12.35465951
26,allscaip-md-direct-all-omol,0.01900697,-20.59802745,-8.86881681,11.72921064,-19.37152712,-24.47089002,-5.09936485,14.78512744
26,esen-md-direct-all-omol,0.02685152,0.49122191,10.16785587,9.67663396,1.71772224,-5.43421734,-7.15194153,6.29307943
26,esen-sm-conserving-all-omol,0.03558737,7.71911120,17.93737700,10.21826580,8.94561153,2.33530379,-6.61030969,4.47280674
26,esen-sm-direct-all-omol,0.01271910,-0.96194928,14.29876077,15.26071005,0.26455105,-1.30331244,-1.56786544,1.43558894
26,extra_large,0.05523995,-5.49680017,8.16145849,13.65825866,-4.27029984,-7.44061472,-3.17031683,5.30546577
26,orbmol_v1_conservative,0.01330157,-5.59146657,11.26646447,16.85793104,-4.36496624,-4.33560874,0.02935555,2.18248214
26,orbmol_v1_direct,0.00816200,-1.32360436,11.64138087,12.96498523,-0.09710403,-3.96069234,-3.86359026,3.91214130
26,orbmol_v2,0.01368567,12.82228628,25.35664723,12.53436095,14.04878661,9.75457402,-4.29421454,7.02439428
26,polar-1-l,0.15203805,-2.37889371,5.21319519,7.59208890,-1.15239338,-10.38887802,-9.23648659,9.81268231
26,polar-1-m,0.07577604,-3.58878000,5.83211003,9.42089003,-2.36227967,-9.76996318,-7.40768546,8.58882432
26,polar-1-s,0.04141178,0.28822706,7.19712006,6.90889300,1.51472739,-8.40495315,-9.91968249,9.16231782
26,uma-m-1p1,0.10257961,-6.76725167,5.00732577,11.77457744,-5.54075134,-10.59474744,-5.05399805,7.82437275
26,uma-s-1p1,0.04375864,-12.74935091,-1.67786772,11.07148319,-11.52285058,-17.27994093,-5.75709230,11.51851662
26,uma-s-1p2,0.04616820,-16.57230405,-4.64914048,11.92316357,-15.34580372,-20.25121369,-4.90541192,12.57831281
27,aimnet2-nse,0.00333382,0.32722663,8.77679503,8.44956840,-5.17841950,-4.18988578,0.98854249,2.58921413
27,allscaip-md-conserving-all-omol,0.05763968,5.25302387,8.91272585,3.65970198,-0.25262226,-4.05395496,-3.80132393,3.92763945
27,allscaip-md-direct-all-omol,0.01877871,7.35852714,9.07546096,1.71693382,1.85288101,-3.89121985,-5.74409209,4.81765597
27,esen-md-direct-all-omol,0.02600154,4.69557361,6.45757862,1.76200501,-0.81007252,-6.50910219,-5.69902090,6.10406155
27,esen-sm-conserving-all-omol,0.03539197,2.81711594,6.16946863,3.35235269,-2.68853019,-6.79721218,-4.10867322,5.45294270
27,esen-sm-direct-all-omol,0.01247322,5.31246893,10.18607857,4.87360964,-0.19317720,-2.78060224,-2.58741627,2.68400926
27,extra_large,0.03828151,3.10177959,7.02927272,3.92749313,-2.40386654,-5.93740809,-3.53353278,4.73547044
27,orbmol_v1_conservative,0.01271327,25.90599309,30.26718746,4.36119437,20.40034696,17.30050665,-3.09983154,10.20016910
27,orbmol_v1_direct,0.00819505,24.63597576,30.16922753,5.53325177,19.13032963,17.20254672,-1.92777414,9.56516043
27,orbmol_v2,0.01423702,20.28442819,24.01792104,3.73349285,14.77878206,11.05124023,-3.72753306,7.38938665
27,polar-1-l,0.12545750,7.80127020,8.70025377,0.89898357,2.29562407,-4.26642704,-6.56204234,5.41423469
27,polar-1-m,0.06732188,6.94434912,13.62232814,6.67797902,1.43870299,0.65564733,-0.78304689,0.71934711
27,polar-1-s,0.03873065,8.51407927,8.80994464,0.29586537,3.00843314,-4.15673617,-7.16516054,5.66094836
27,uma-m-1p1,0.10176313,3.71855339,7.06437375,3.34582036,-1.78709274,-5.90230706,-4.11520555,5.00875631
27,uma-s-1p1,0.04320713,29.37164240,30.49964706,1.12800466,23.86599627,17.53296625,-6.33302125,11.93299375
27,uma-s-1p2,0.04365730,2.61638387,5.10804658,2.49166271,-2.88926226,-7.85863423,-4.96936320,6.41399872
28,aimnet2-nse,0.00369638,-11.28228707,9.77905248,21.06133955,-3.32933618,2.37645255,5.70577605,4.04111430
28,allscaip-md-conserving-all-omol,0.05816541,-6.08215964,7.75209054,13.83425018,1.87079125,0.34949061,-1.52131332,0.93540196
28,allscaip-md-direct-all-omol,0.01890920,-4.34895980,8.00847484,12.35743464,3.60399109,0.60587490,-2.99812886,1.80200188
28,esen-md-direct-all-omol,0.02580084,-6.99138695,4.37307214,11.36445909,0.96156394,-3.02952780,-3.99110441,3.51031610
28,esen-sm-conserving-all-omol,0.03623548,-9.04205337,5.67334098,14.71539435,-1.08910248,-1.72925895,-0.64016915,1.18471405
28,esen-sm-direct-all-omol,0.01263912,-6.31141852,7.99737467,14.30879319,1.64153237,0.59477473,-1.04677031,0.82077252
28,extra_large,0.05460954,-11.91060888,5.33801547,17.24862435,-3.95765799,-2.06458446,1.89306085,1.97882266
28,orbmol_v1_conservative,0.01259942,14.56491530,27.79435102,13.22943572,22.51786619,20.39175109,-2.12612778,11.25893943
28,orbmol_v1_direct,0.00790180,11.93772682,31.41640727,19.47868045,19.89067771,24.01380733,4.12311695,14.06846214
28,orbmol_v2,0.01464543,8.27558038,21.56782460,13.29224422,16.22853127,14.16522466,-2.06331928,8.11427197
28,polar-1-l,0.15146520,-3.51082236,7.93120873,11.44203109,4.44212853,0.52860879,-3.91353241,2.22107060
28,polar-1-m,0.07824819,-3.74645121,10.32298518,14.06943639,4.20649968,2.92038525,-1.28612711,2.10325618
28,polar-1-s,0.04343311,-1.65125698,10.97265033,12.62390731,6.30169391,3.57005039,-2.73165619,3.15085329
28,uma-m-1p1,0.10275771,-7.60864799,5.40280359,13.01145158,0.34430290,-1.99979635,-2.34411192,2.17195413
28,uma-s-1p1,0.04360806,17.08352292,29.11699163,12.03346871,25.03647381,21.71439169,-3.32209479,12.51824324
28,uma-s-1p2,0.04361832,-8.56849275,3.32208157,11.89057432,-0.61554186,-4.08051837,-3.46498918,3.77275377
29,aimnet2-nse,0.00330047,-18.99955411,0.88871512,19.88826923,-3.39234318,-1.94874052,1.44357779,1.69615915
29,allscaip-md-conserving-all-omol,0.05789776,-15.33076836,2.64018649,17.97095485,0.27644257,-0.19726915,-0.47373659,0.33550287
29,allscaip-md-direct-all-omol,0.01890484,-13.23930226,2.84499483,16.08429709,2.36790867,0.00753919,-2.36039435,1.18396677
29,esen-md-direct-all-omol,0.02586706,-15.91263879,1.23752614,17.15016493,-0.30542786,-1.59992950,-1.29452651,1.44722800
29,esen-sm-conserving-all-omol,0.03549306,-17.88827237,-0.12992252,17.75834985,-2.28106144,-2.96737816,-0.68634159,1.82685987
29,esen-sm-direct-all-omol,0.01262042,-15.34968139,3.57631603,18.92599742,0.25752954,0.73886039,0.48130598,0.61008319
29,extra_large,0.04670480,-18.38531403,1.90340150,20.28871553,-2.77810310,-0.93405414,1.84402409,1.38903911
29,orbmol_v1_conservative,0.01310042,4.97241269,23.43317178,18.46075909,20.57962362,20.59571614,0.01606765,10.30589190
29,orbmol_v1_direct,0.00756710,3.41637890,25.17522619,21.75884729,19.02358983,22.33777055,3.31415585,12.82596320
29,orbmol_v2,0.01437220,-0.73857941,18.51399957,19.25257898,14.86863152,15.67654393,0.80788754,8.24221574
29,polar-1-l,0.13663344,-12.68304706,-0.39296030,12.29008676,2.92416387,-3.23041594,-6.15460468,4.69251031
29,polar-1-m,0.06979993,-12.94604885,0.85118773,13.79723658,2.66116208,-1.98626791,-4.64745486,3.31686138
29,polar-1-s,0.03809068,-12.33130885,-0.73339165,11.59791720,3.27590208,-3.57084729,-6.84677424,5.20881076
29,uma-m-1p1,0.10238300,-16.89248175,1.72028488,18.61276663,-1.28527082,-1.11717076,0.16807519,0.64262297
29,uma-s-1p1,0.04347021,8.30174790,26.95496058,18.65321268,23.90895883,24.11750494,0.20852124,12.16301309
29,uma-s-1p2,0.04516142,-18.05770873,-0.69263897,17.36506976,-2.45049780,-3.53009461,-1.07962168,2.30485814
30,aimnet2-nse,0.00364683,-28.57738905,1.59898058,30.17636963,-2.72230075,-2.81085515,-0.08859560,1.44972538
30,allscaip-md-conserving-all-omol,0.05805767,-24.25196191,4.09602072,28.34798263,1.60312639,-0.31381501,-1.91698260,1.11539881
30,allscaip-md-direct-all-omol,0.01882941,-22.13203173,4.44411479,26.57614652,3.72305657,0.03427906,-3.68881871,1.86154888
30,esen-md-direct-all-omol,0.02583778,-25.02063094,1.59709790,26.61772884,0.83445736,-2.81273783,-3.64723639,3.22998711
30,esen-sm-conserving-all-omol,0.03663576,-26.38368076,1.38953578,27.77321654,-0.52859246,-3.02029995,-2.49174869,2.75602432
30,esen-sm-direct-all-omol,0.01266861,-24.11276341,5.96226340,30.07502681,1.74232489,1.55242767,-0.18993842,0.87118304
30,extra_large,0.03938355,-27.39772871,1.74722670,29.14495541,-1.54264041,-2.66260903,-1.12000982,1.89130943
30,orbmol_v1_conservative,0.01294800,-3.66684052,25.29914916,28.96598968,22.18824778,20.88931343,-1.29897555,11.09414449
30,orbmol_v1_direct,0.00764405,-4.94468076,26.40587325,31.35055401,20.91040754,21.99603752,1.08558878,11.54081315
30,orbmol_v2,0.01432004,-9.62293439,19.92562045,29.54855484,16.23215391,15.51578472,-0.71641039,8.11609755
30,polar-1-l,0.14235348,-21.03764756,2.86392702,23.90157458,4.81744074,-1.54590871,-6.36339065,3.95464968
30,polar-1-m,0.07148744,-21.48225657,4.05525419,25.53751076,4.37283173,-0.35458154,-4.72745447,2.54101801
30,polar-1-s,0.03869208,-16.50375861,1.34685424,17.85061285,9.35132969,-3.06298149,-12.41435238,7.73866694
30,uma-m-1p1,0.10235596,-25.90554771,2.61578922,28.52133693,-0.05045941,-1.79404651,-1.74362830,1.76883741
30,uma-s-1p1,0.04328891,-0.32645990,27.72825184,28.05471174,25.52862840,23.31841611,-2.21025349,12.76433480
30,uma-s-1p2,0.04343525,-26.99534370,0.64757107,27.64291477,-1.14025540,-3.76226466,-2.62205046,3.19215756
31,aimnet2-nse,0.00332817,-12.07914978,18.86218156,30.94133134,5.08342681,13.28071766,8.19726350,10.73899058
31,allscaip-md-conserving-all-omol,0.05935253,-13.98025537,8.33455261,22.31480798,3.18232122,2.75308871,-0.42925986,1.59117429
31,allscaip-md-direct-all-omol,0.01886761,-15.07821311,5.12929718,20.20751029,2.08436348,-0.45216672,-2.53655755,1.49436213
31,esen-md-direct-all-omol,0.02693372,-12.99133090,6.42292778,19.41425868,4.17124569,0.84146388,-3.32980916,2.08563652
31,esen-sm-conserving-all-omol,0.03596202,-15.42730976,3.61605392,19.04336368,1.73526683,-1.96540998,-3.70070416,2.83305707
31,esen-sm-direct-all-omol,0.01291135,-12.01214062,5.94893757,17.96107819,5.15043597,0.36747367,-4.78298965,2.57523166
31,extra_large,0.09171033,-16.86687290,7.79673615,24.66360905,0.29570369,2.21527225,1.91954121,2.06740673
31,orbmol_v1_conservative,0.01316890,-13.75946415,5.07867100,18.83813515,3.40311244,-0.50279290,-3.90593269,2.20436279
31,orbmol_v1_direct,0.00815720,-14.29579300,8.23512645,22.53091945,2.86678359,2.65366255,-0.21314839,1.43340547
31,orbmol_v2,0.01388933,-14.23100554,7.72211234,21.95311788,2.93157105,2.14064844,-0.79094996,1.46579920
31,polar-1-l,0.19690593,-13.39113571,6.11882444,19.50996015,3.77144088,0.53736054,-3.23410769,1.88573412
31,polar-1-m,0.09289957,-13.53276052,4.32712724,17.85988776,3.62981607,-1.25433666,-4.88418008,3.06925837
31,polar-1-s,0.04323078,-13.85307931,6.40418034,20.25725965,3.30949728,0.82271644,-2.48680819,1.65476232
31,uma-m-1p1,0.10351389,-13.88449851,6.51171227,20.39621078,3.27807808,0.93024837,-2.34785706,1.63905272
31,uma-s-1p1,0.04381528,-14.61446520,5.69894753,20.31341273,2.54811139,0.11748363,-2.43065511,1.27406937
31,uma-s-1p2,0.04528149,-14.00345138,6.83425202,20.83770340,3.15912521,1.25278812,-1.90636444,1.57957628
32,aimnet2-nse,0.00329788,-12.54305682,13.20222219,25.74527901,1.09456561,6.61428090,5.51969356,6.06698723
32,allscaip-md-conserving-all-omol,0.05895478,-9.56359517,9.72335239,19.28694756,4.07402726,3.13541110,-0.93863789,2.03702450
32,allscaip-md-direct-all-omol,0.01975706,-10.08735167,7.88618005,17.97353172,3.55027076,1.29823876,-2.25205373,1.77514625
32,esen-md-direct-all-omol,0.02598177,-10.29867330,8.35780869,18.65648199,3.33894913,1.76986740,-1.56910346,1.66948543
32,esen-sm-conserving-all-omol,0.03545202,-8.82824821,6.90860613,15.73685434,4.80937422,0.32066484,-4.48873111,2.40469798
32,esen-sm-direct-all-omol,0.01288635,-9.02347008,7.03210670,16.05557678,4.61415235,0.44416541,-4.17000867,2.30708704
32,extra_large,0.06929306,-10.33740629,11.99694416,22.33435045,3.30021614,5.40900287,2.10876500,3.75888394
32,orbmol_v1_conservative,0.01236894,-10.33122376,5.14493917,15.47616293,3.30639867,-1.44300212,-4.74942252,3.09621232
32,orbmol_v1_direct,0.00763000,-9.36159367,9.00995934,18.37155301,4.27602876,2.42201805,-1.85403244,2.13802525
32,orbmol_v2,0.01313505,-10.03223358,8.10241338,18.13464696,3.60538885,1.51447209,-2.09093849,1.80270529
32,polar-1-l,0.16611147,-10.36579364,8.62133909,18.98713273,3.27182879,2.03339780,-1.23845272,1.63592526
32,polar-1-m,0.08036633,-11.29547798,7.49357089,18.78904887,2.34214445,0.90562960,-1.43653658,1.17108309
32,polar-1-s,0.04076295,-8.17926213,9.29645065,17.47571278,5.45836030,2.70850936,-2.74987267,2.72919102
32,uma-m-1p1,0.10296441,-9.93528331,7.97089653,17.90617984,3.70233912,1.38295524,-2.31940561,1.85118043
32,uma-s-1p1,0.04367588,-9.13368443,8.25434573,17.38803016,4.50393800,1.66640444,-2.83755529,2.25197987
32,uma-s-1p2,0.04184250,-10.11565697,7.17173517,17.28739214,3.52196546,0.58379388,-2.93819331,1.76099360
33,aimnet2-nse,0.00338476,-8.90788402,21.54286375,30.45074777,3.04292019,13.57570820,10.53276897,12.05423858
33,allscaip-md-conserving-all-omol,0.05881148,-8.47107501,9.96234221,18.43341722,3.47972920,1.99518666,-1.48456158,1.73987412
33,allscaip-md-direct-all-omol,0.01888462,-8.75926699,8.34695074,17.10621773,3.19153722,0.37979519,-2.81176107,1.59577813
33,esen-md-direct-all-omol,0.02593475,-9.12651182,8.94243392,18.06894574,2.82429239,0.97527837,-1.84903306,1.41215571
33,esen-sm-conserving-all-omol,0.03632170,-7.89987942,7.41959828,15.31947770,4.05092479,-0.54755727,-4.59850110,2.57302919
33,esen-sm-direct-all-omol,0.01305804,-6.17543206,7.80970458,13.98513664,5.77537215,-0.15745097,-5.93284216,3.04514657
33,extra_large,0.09767665,-8.70890924,12.20673382,20.91564306,3.24189497,4.23957827,0.99766426,2.61862126
33,orbmol_v1_conservative,0.01321347,-7.89571368,6.38371880,14.27943248,4.05509053,-1.58343675,-5.63854632,3.61099154
33,orbmol_v1_direct,0.00764489,-7.91960692,10.53863078,18.45823770,4.03119729,2.57147523,-1.45974110,2.01560816
33,orbmol_v2,0.01428028,-9.14842541,9.73083526,18.87926067,2.80237880,1.76367971,-1.03871813,1.40119892
33,polar-1-l,0.20004574,-8.63185925,7.66537072,16.29722997,3.31894496,-0.30178483,-3.62074883,1.96126683
33,polar-1-m,0.09324400,-10.06424752,9.38539758,19.44964510,1.88655669,1.41824203,-0.46833370,0.94328786
33,polar-1-s,0.04281936,-8.34528096,8.06116967,16.40645063,3.60552325,0.09401412,-3.51152817,1.80277114
33,uma-m-1p1,0.10444158,-8.47310017,8.81471706,17.28781723,3.47770404,0.84756151,-2.63016157,1.73886154
33,uma-s-1p1,0.04364691,-7.72391668,10.15224316,17.87615984,4.22688753,2.18508761,-2.04181896,2.11345328
33,uma-s-1p2,0.04665431,-7.94791765,8.54628072,16.49419837,4.00288656,0.57912517,-3.42378043,2.00145280
34,aimnet2-nse,0.00341879,-8.44373539,19.90535296,28.34908835,4.31170673,12.52878946,8.21706240,10.37292593
34,allscaip-md-conserving-all-omol,0.05890466,-8.82474618,10.18912632,19.01387250,3.93069594,2.81256282,-1.11815345,1.96535814
34,allscaip-md-direct-all-omol,0.01881139,-8.88312461,8.10075021,16.98387482,3.87231751,0.72418671,-3.14815113,1.93616892
34,esen-md-direct-all-omol,0.02595238,-8.79921086,9.37206303,18.17127389,3.95623126,1.99549953,-1.96075206,1.97812580
34,esen-sm-conserving-all-omol,0.03535568,-8.13474077,6.94744864,15.08218941,4.62070135,-0.42911486,-5.04983654,2.73947570
34,esen-sm-direct-all-omol,0.01287135,-6.27244756,8.30371649,14.57616405,6.48299456,0.92715299,-5.55586190,3.24150745
34,extra_large,0.10481838,-9.39085479,11.49914317,20.88999796,3.36458733,4.12257967,0.75797201,2.44027584
34,orbmol_v1_conservative,0.01283031,-7.98378167,5.53322064,13.51700231,4.77166045,-1.84334286,-6.61502364,4.22918325
34,orbmol_v1_direct,0.00763164,-8.87210759,9.78823394,18.66034153,3.88333453,2.41167044,-1.47168442,1.94167743
34,orbmol_v2,0.01381952,-9.52776428,8.69578911,18.22355339,3.22767784,1.31922561,-1.90847256,1.61384909
34,polar-1-l,0.20707444,-8.45652505,8.92387055,17.38039560,4.29891707,1.54730705,-2.75163035,2.14946870
34,polar-1-m,0.09721603,-10.73968442,8.23945126,18.97913568,2.01575770,0.86288776,-1.15289027,1.00788902
34,polar-1-s,0.04386025,-7.31668081,9.50856870,16.82524951,5.43876131,2.13200520,-3.30677644,2.71939082
34,uma-m-1p1,0.10283375,-8.76910163,8.61008036,17.37918199,3.98634049,1.23351686,-2.75284396,1.99318041
34,uma-s-1p1,0.04362097,-8.86210913,8.40103769,17.26314682,3.89333299,1.02447419,-2.86887913,1.94667666
34,uma-s-1p2,0.04538914,-8.74956869,7.78902655,16.53859524,4.00587343,0.41246305,-3.59343071,2.00294688
35,aimnet2-nse,0.00329017,-10.39908630,17.99325952,28.39234582,2.35024790,10.70602688,8.35575865,9.53089276
35,allscaip-md-conserving-all-omol,0.05953350,-8.84616938,10.48273390,19.32890328,3.90316482,3.19550125,-0.70768389,1.95159257
35,allscaip-md-direct-all-omol,0.01895280,-9.74929225,8.38478841,18.13408066,3.00004195,1.09755577,-1.90250651,1.50003114
35,esen-md-direct-all-omol,0.02590984,-9.86791782,8.33474143,18.20265925,2.88141638,1.04750878,-1.83392792,1.44071835
35,esen-sm-conserving-all-omol,0.03633084,-9.65446569,6.15803108,15.81249677,3.09486851,-1.12920157,-4.22409040,2.67664598
35,esen-sm-direct-all-omol,0.01271675,-7.31558686,6.59416229,13.90974915,5.43374734,-0.69307036,-6.12683802,3.40995419
35,extra_large,0.10362645,-10.18236719,13.36494238,23.54730957,2.56696701,6.07770973,3.51072240,4.79421607
35,orbmol_v1_conservative,0.01239884,-8.65318461,7.10676085,15.75994546,4.09614959,-0.18047180,-4.27664171,2.22855675
35,orbmol_v1_direct,0.00767394,-8.62116253,9.99733050,18.61849303,4.12817167,2.71009786,-1.41809414,2.06409600
35,orbmol_v2,0.01370131,-9.22361417,9.64146974,18.86508391,3.52572003,2.35423709,-1.17150326,1.76287018
35,polar-1-l,0.20696989,-8.89397820,10.45055539,19.34453359,3.85535600,3.16332274,-0.69205358,1.92768816
35,polar-1-m,0.09705330,-10.27112241,9.15502345,19.42614586,2.47821179,1.86779081,-0.61044131,1.23911606
35,polar-1-s,0.04441035,-8.77900064,10.08183504,18.86083568,3.97033356,2.79460239,-1.17575149,1.98517694
35,uma-m-1p1,0.10279764,-9.31551505,8.92851145,18.24402650,3.43381915,1.64127881,-1.79256067,1.71691974
35,uma-s-1p1,0.04374287,-9.00991096,9.01470943,18.02462039,3.73942324,1.72747679,-2.01196678,1.86972178
35,uma-s-1p2,0.04183864,-9.06930691,8.53108969,17.60039660,3.68002729,1.24385705,-2.43619057,1.84002381
36,aimnet2-nse,0.00328729,-14.17832434,20.58989912,34.76822346,4.17222603,14.54546958,10.37321431,12.45934195
36,allscaip-md-conserving-all-omol,0.05951415,-16.71536041,7.99096764,24.70632805,1.63518996,1.94653810,0.31131890,1.12892850
36,allscaip-md-direct-all-omol,0.01893652,-16.84757234,5.24190851,22.08948085,1.50297803,-0.80252103,-2.30552830,1.55402467
36,esen-md-direct-all-omol,0.02625415,-14.55515713,6.51510260,21.07025973,3.79539324,0.47067306,-3.32474942,1.89771124
36,esen-sm-conserving-all-omol,0.03562591,-17.62021757,3.23614523,20.85636280,0.73033280,-2.80828431,-3.53864635,3.17346533
36,esen-sm-direct-all-omol,0.01281399,-15.93219727,3.76994381,19.70214108,2.41835310,-2.27448573,-4.69286807,3.48367690
36,extra_large,0.07947913,-18.62810903,6.78068134,25.40879037,-0.27755866,0.73625180,1.01378122,0.87501651
36,orbmol_v1_conservative,0.01292394,-16.39658271,3.32881890,19.72540161,1.95396766,-2.71561064,-4.66960754,3.69260909
36,orbmol_v1_direct,0.00763048,-14.87441043,8.86412262,23.73853305,3.47613994,2.81969308,-0.65647610,1.73808459
36,orbmol_v2,0.01330232,-15.43107331,7.03602552,22.46709883,2.91947706,0.99159598,-1.92791032,1.45975315
36,polar-1-l,0.17783854,-16.44060079,6.72298109,23.16358188,1.90994958,0.67855155,-1.23142727,0.95498941
36,polar-1-m,0.08771490,-14.47052691,5.92990517,20.40043208,3.88002346,-0.11452437,-3.99457707,2.05455072
36,polar-1-s,0.04290402,-9.79596618,11.14866142,20.94462760,8.55458419,5.10423188,-3.45038155,4.27730671
36,uma-m-1p1,0.10442970,-25.69777248,-3.22937858,22.46839390,-7.34722211,-9.27380812,-1.92661525,5.60021169
36,uma-s-1p1,0.04495874,-17.83608674,3.66871501,21.50480175,0.51446363,-2.37571453,-2.89020740,2.63296096
36,uma-s-1p2,0.04158445,-22.55296067,-0.83311220,21.71984847,-4.20241030,-6.87754174,-2.67516068,4.77635121
37,aimnet2-nse,0.00327183,-13.57233803,20.16963364,33.74197167,2.04536870,12.14419528,10.09880169,11.12149848
37,allscaip-md-conserving-all-omol,0.06013046,-17.16759811,7.09198480,24.25958291,-1.54989138,-0.93345356,0.61641293,0.77493325
37,allscaip-md-direct-all-omol,0.01894198,-25.43060442,-5.04652933,20.38407509,-9.81289769,-13.07196769,-3.25909489,8.16553129
37,esen-md-direct-all-omol,0.02682313,-12.07374962,8.24570328,20.31945290,3.54395711,0.22026492,-3.32371708,1.77199100
37,esen-sm-conserving-all-omol,0.03651341,-14.59657639,6.66537621,21.26195260,1.02113034,-1.36006215,-2.38121738,1.87063977
37,esen-sm-direct-all-omol,0.01387842,-11.75486266,7.53285269,19.28771535,3.86284407,-0.49258567,-4.35545463,2.42402015
37,extra_large,0.07954286,-14.84749100,10.51445927,25.36195027,0.77021573,2.48902091,1.71878029,2.10390060
37,orbmol_v1_conservative,0.01291835,-14.28982382,5.70296510,19.99278892,1.32788291,-2.32247326,-3.65038106,2.98642716
37,orbmol_v1_direct,0.00758150,-14.70390614,5.61141109,20.31531723,0.91380059,-2.41402727,-3.32785275,2.87094001
37,orbmol_v2,0.01322862,-14.64752232,8.00331078,22.65083310,0.97018441,-0.02212758,-0.99233688,0.50723223
37,polar-1-l,0.17876652,-12.71427312,8.19749695,20.91177007,2.90343361,0.17205859,-2.73139991,1.45172925
37,polar-1-m,0.08627545,-11.07656040,7.66917815,18.74573855,4.54114633,-0.35626021,-4.89743143,2.62684582
37,polar-1-s,0.04170356,-7.83537646,14.25574291,22.09111937,7.78233027,6.23030455,-1.55205061,3.89117758
37,uma-m-1p1,0.10410975,-18.82722891,2.27563681,21.10286572,-3.20952218,-5.74980155,-2.54030426,4.14505291
37,uma-s-1p1,0.04356420,-13.71107864,7.00700403,20.71808267,1.90662809,-1.01843433,-2.92508731,1.97176082
37,uma-s-1p2,0.04237731,-25.00973277,-3.56234144,21.44739133,-9.39202604,-11.58777980,-2.19577865,6.89177923
38,aimnet2-nse,0.00334799,13.84490035,11.82254435,-2.02235600,3.76067689,2.34823171,-1.41242910,1.88033041
38,allscaip-md-conserving-all-omol,0.04550651,11.25981595,7.75726695,-3.50254900,1.17559249,-1.71704569,-2.89262210,2.30483389
38,allscaip-md-direct-all-omol,0.01542656,12.73742527,8.18657773,-4.55084754,2.65320181,-1.28773491,-3.94092064,2.61432777
38,esen-md-direct-all-omol,0.01990889,12.63225092,8.34822898,-4.28402194,2.54802746,-1.12608366,-3.67409504,2.40008935
38,esen-sm-conserving-all-omol,0.02713628,11.01538805,8.72018485,-2.29520320,0.93116459,-0.75412778,-1.68527630,1.21970204
38,esen-sm-direct-all-omol,0.01056846,10.60327721,6.64457711,-3.95870010,0.51905375,-2.82973553,-3.34877320,3.08925436
38,extra_large,0.05661604,7.41771686,8.50286293,1.08514607,-2.66650660,-0.97144970,1.69507297,1.33326134
38,orbmol_v1_conservative,0.01278841,14.79228633,10.02442084,-4.76786549,4.70806287,0.55010820,-4.15793859,2.35402340
38,orbmol_v1_direct,0.00774080,8.78711125,5.17915483,-3.60795642,-1.29711221,-4.29515781,-2.99802952,3.64659366
38,orbmol_v2,0.01291312,3.52837111,10.07900286,6.55063175,-6.55585235,0.60469023,7.16055865,3.88262444
38,polar-1-l,0.14335680,11.77737700,7.13074129,-4.64663571,1.69315354,-2.34357135,-4.03670881,3.19014008
38,polar-1-m,0.07405916,12.61714718,7.55940014,-5.05774704,2.53292372,-1.91491249,-4.44782014,3.18136632
38,polar-1-s,0.03917138,15.52375135,13.20635725,-2.31739410,5.43952789,3.73204462,-1.70746720,2.71975591
38,uma-m-1p1,0.07875101,11.92784627,8.61972084,-3.30812543,1.84362281,-0.85459180,-2.69819853,1.77639516
38,uma-s-1p1,0.03335414,10.78693714,5.43428878,-5.35264836,0.70271368,-4.04002385,-4.74272146,4.39137266
38,uma-s-1p2,0.04215862,12.19361165,7.88017441,-4.31343724,2.10938819,-1.59413822,-3.70351034,2.64882428
39,aimnet2-nse,0.00327002,-0.02498862,6.47982855,6.50481717,-1.21825587,2.69794686,3.91620464,3.30707575
39,allscaip-md-conserving-all-omol,0.04550959,-0.35953072,2.32949092,2.68902164,-1.55279797,-1.45239077,0.10040911,0.77639994
39,allscaip-md-direct-all-omol,0.01441871,1.15827494,2.32076275,1.16248781,-0.03499231,-1.46111894,-1.42612472,1.44362183
39,esen-md-direct-all-omol,0.01983650,1.11459419,2.91942600,1.80483181,-0.07867306,-0.86245569,-0.78378072,0.82311821
39,esen-sm-conserving-all-omol,0.02742441,-0.59841060,2.57394390,3.17235450,-1.79167785,-1.20793779,0.58374197,0.89583988
39,esen-sm-direct-all-omol,0.01078751,-0.46956777,0.68823951,1.15780728,-1.66283502,-3.09364218,-1.43080525,2.26222372
39,extra_large,0.05614656,-3.77425781,3.44233965,7.21659746,-4.96752506,-0.33954204,4.62798493,2.48376348
39,orbmol_v1_conservative,0.01244047,2.32284101,3.01589938,0.69305837,1.12957376,-0.76598231,-1.89555416,1.33076824
39,orbmol_v1_direct,0.00743591,-2.36176175,1.02046156,3.38222331,-3.55502900,-2.76142013,0.79361078,1.77751545
39,orbmol_v2,0.01297199,-3.23853796,3.42183789,6.66037585,-4.43180521,-0.36004380,4.07176332,2.21590356
39,polar-1-l,0.14366817,0.02194621,2.24131445,2.21936824,-1.17132104,-1.54056724,-0.36924429,0.95490577
39,polar-1-m,0.07343728,-0.07571592,2.83932495,2.91504087,-1.26898317,-0.94255674,0.32642834,0.63449254
39,polar-1-s,0.04188969,0.20876139,11.83978103,11.63101964,-0.98450586,8.05789934,9.04240711,8.55015322
39,uma-m-1p1,0.07987574,0.37250172,2.61851753,2.24601581,-0.82076553,-1.16336416,-0.34259672,0.75298044
39,uma-s-1p1,0.03320892,-0.81168470,0.86228599,1.67397069,-2.00495195,-2.91959570,-0.91464184,1.91711877
39,uma-s-1p2,0.04418882,0.68754661,2.18666118,1.49911457,-0.50572064,-1.59522051,-1.08949796,1.34235924
40,aimnet2-nse,0.00384804,14.15914821,9.13309206,-5.02605615,0.39767921,-0.15552697,-0.55318425,0.35435561
40,allscaip-md-conserving-all-omol,0.04646902,14.23107793,7.70589030,-6.52518763,0.46960893,-1.58272873,-2.05231573,1.81752223
40,allscaip-md-direct-all-omol,0.01441280,15.75739116,8.02636692,-7.73102424,1.99592216,-1.26225211,-3.25815234,2.26020223
40,esen-md-direct-all-omol,0.01998120,16.15880394,8.18402889,-7.97477505,2.39733494,-1.10459014,-3.50190315,2.30324665
40,esen-sm-conserving-all-omol,0.02676624,14.36411173,8.32866766,-6.03544407,0.60264273,-0.95995137,-1.56257217,1.26126177
40,esen-sm-direct-all-omol,0.00972301,13.45581476,5.40873880,-8.04707596,-0.30565424,-3.87988023,-3.57420406,3.72704215
40,extra_large,0.06543337,10.48623895,8.43968430,-2.04655465,-3.27523005,-0.84893473,2.42631725,1.63762599
40,orbmol_v1_conservative,0.01251896,17.34261109,9.95628884,-7.38632225,3.58114209,0.66766981,-2.91345035,1.79056008
40,orbmol_v1_direct,0.00821485,12.10542955,4.58847757,-7.51695198,-1.65603945,-4.70014146,-3.04408008,3.87211077
40,orbmol_v2,0.01285715,6.81137878,10.10086316,3.28948438,-6.95009022,0.81224413,7.76235628,4.28730020
40,polar-1-l,0.15250342,15.03953594,6.87131171,-8.16822423,1.27806694,-2.41730732,-3.69535233,3.05632983
40,polar-1-m,0.07783778,16.00848219,7.34997515,-8.65850704,2.24701319,-1.93864388,-4.18563514,3.06213951
40,polar-1-s,0.04303486,20.11058872,13.51907868,-6.59151004,6.34911972,4.23045965,-2.11863814,3.17454890
40,uma-m-1p1,0.08091288,14.84719895,8.31343122,-6.53376773,1.08572995,-0.97518781,-2.06089583,1.51804182
40,uma-s-1p1,0.03422729,12.85520403,4.81688552,-8.03831851,-0.90626497,-4.47173351,-3.56544661,4.01859006
40,uma-s-1p2,0.04264428,15.53584115,7.47522512,-8.06061603,1.77437215,-1.81339391,-3.58774413,2.70056902
41,aimnet2-nse,0.00345974,11.02861214,1.25386924,-9.77474290,-3.34556935,-5.51791977,-2.17232751,3.84512364
41,allscaip-md-conserving-all-omol,0.04663508,15.37624926,5.77707212,-9.59917714,1.00206777,-0.99471689,-1.99676175,1.49573932
41,allscaip-md-direct-all-omol,0.01442053,17.13370862,7.34992094,-9.78378768,2.75952713,0.57813193,-2.18137229,1.37975211
41,esen-md-direct-all-omol,0.02011819,16.41743457,5.78840192,-10.62903265,2.04325308,-0.98338709,-3.02661726,2.00500217
41,esen-sm-conserving-all-omol,0.02709678,15.16560115,5.90645282,-9.25914833,0.79141966,-0.86533619,-1.65673294,1.26103456
41,esen-sm-direct-all-omol,0.00983132,14.60861172,3.72566319,-10.88294853,0.23443023,-3.04612582,-3.28053314,3.16332948
41,extra_large,0.06289082,9.19324321,5.04983423,-4.14340898,-5.18093828,-1.72195478,3.45900641,2.59048059
41,orbmol_v1_conservative,0.01251228,17.78938165,7.35980372,-10.42957793,3.41520016,0.58801471,-2.82716254,1.70758863
41,orbmol_v1_direct,0.00805013,12.77518262,1.00942365,-11.76575897,-1.59899887,-5.76236536,-4.16334358,4.96285447
41,orbmol_v2,0.01294610,7.60351980,7.41099069,-0.19252911,-6.77066169,0.63920168,7.40988628,4.02454398
41,polar-1-l,0.15113506,15.52860505,3.86554492,-11.66306013,1.15442356,-2.90624409,-4.06064474,3.48344441
41,polar-1-m,0.07654876,15.80731516,2.72976934,-13.07754582,1.43313367,-4.04201967,-5.47513043,4.75857505
41,polar-1-s,0.04224303,18.61524651,1.79662193,-16.81862458,4.24106502,-4.97516708,-9.21620919,7.09568813
41,uma-m-1p1,0.07879876,16.01489972,5.94832086,-10.06657886,1.64071823,-0.82346815,-2.46416347,1.64381581
41,uma-s-1p1,0.03338853,14.90705364,4.48918077,-10.41787287,0.53287215,-2.28260824,-2.81545748,2.54903286
41,uma-s-1p2,0.04125669,15.18352625,5.34487566,-9.83865059,0.80934476,-1.42691335,-2.23623520,1.83157427
42,aimnet2-nse,0.00330286,-17.94924733,24.38894110,42.33818843,1.80368559,15.20557917,13.40186211,14.30372064
42,allscaip-md-conserving-all-omol,0.06073273,-21.23135070,11.06951263,32.30086333,-1.47841778,1.88615070,3.36453701,2.62534386
42,allscaip-md-direct-all-omol,0.01934530,-21.35176928,9.03796726,30.38973654,-1.59883636,-0.14539467,1.45341022,0.79940244
42,esen-md-direct-all-omol,0.02615887,-20.81592896,9.16153868,29.97746764,-1.06299604,-0.02182325,1.04114132,0.53148228
42,esen-sm-conserving-all-omol,0.03567198,-19.71424042,12.38707569,32.10131611,0.03869250,3.20371376,3.16498979,3.18435178
42,esen-sm-direct-all-omol,0.01323088,-20.41974055,10.73275750,31.15249805,-0.66680763,1.54939557,2.21617173,1.88278365
42,extra_large,0.05165927,-21.98730660,14.90384122,36.89114782,-2.23437368,5.72047929,7.95482150,6.83765040
42,orbmol_v1_conservative,0.01205973,-20.69268070,13.76248326,34.45516396,-0.93974778,4.57912133,5.51883764,5.04897949
42,orbmol_v1_direct,0.00817761,-22.76055868,14.83857738,37.59913606,-3.00762576,5.65521545,8.66280974,7.15901260
42,orbmol_v2,0.01554202,-20.92363166,10.14091517,31.06454683,-1.17069874,0.95755324,2.12822051,1.54288688
42,polar-1-l,0.14845989,-19.72497690,13.23965279,32.96462969,0.02795602,4.05629086,4.02830337,4.04229712
42,polar-1-m,0.07123762,-21.46278262,12.74316911,34.20595173,-1.70984970,3.55980718,5.26962541,4.41471630
42,polar-1-s,0.04023172,-18.38199662,14.71351865,33.09551527,1.37093630,5.53015672,4.15918895,4.84467284
42,uma-m-1p1,0.10344723,-20.48435365,10.41476045,30.89911410,-0.73142073,1.23139852,1.96278778,1.59709315
42,uma-s-1p1,0.04420274,-20.55663911,13.13741295,33.69405206,-0.80370619,3.95405102,4.75772574,4.35588838
42,uma-s-1p2,0.04443419,-21.31989902,11.87402319,33.19392221,-1.56696610,2.69066126,4.25759589,3.47412858
43,aimnet2-nse,0.00345376,-27.13578986,11.50414109,38.63993095,-5.90896644,3.98323178,9.89216439,6.93769809
43,allscaip-md-conserving-all-omol,0.06145810,-20.00030477,8.96969987,28.97000464,1.22651865,1.44879056,0.22223808,0.83551432
43,allscaip-md-direct-all-omol,0.01891851,-19.87740106,9.10851498,28.98591604,1.34942236,1.58760567,0.23814948,0.91287758
43,esen-md-direct-all-omol,0.02624822,-19.98273266,9.96311025,29.94584291,1.24409076,2.44220094,1.19807635,1.82013865
43,esen-sm-conserving-all-omol,0.03586109,-19.97332342,11.80965792,31.78298134,1.25350000,4.28874861,3.03521478,3.66198170
43,esen-sm-direct-all-omol,0.01265186,-19.04729997,12.22221832,31.26951829,2.17952345,4.70130901,2.52175173,3.61153037
43,extra_large,0.05333979,-18.49312649,10.21454250,28.70766899,2.73369693,2.69363319,-0.04009757,1.36686538
43,orbmol_v1_conservative,0.01279004,-20.36451298,11.87670736,32.24122034,0.86231044,4.35579805,3.49345378,3.92462592
43,orbmol_v1_direct,0.00758509,-23.77681082,10.26647198,34.04328280,-2.54998740,2.74556267,5.29551624,4.02053946
43,orbmol_v2,0.01392962,-19.37690687,10.67376960,30.05067647,1.84991655,3.15286029,1.30290991,2.22788510
43,polar-1-l,0.14088137,-18.96899991,11.78182037,30.75082028,2.25782351,4.26091106,2.00305372,3.13198239
43,polar-1-m,0.06819492,-16.70177481,13.67441248,30.37618729,4.52504861,6.15350317,1.62842073,3.89096195
43,polar-1-s,0.04016969,-18.65015333,16.02403653,34.67418986,2.57667009,8.50312722,5.92642330,7.21477526
43,uma-m-1p1,0.10430384,-20.45152746,8.94348964,29.39501710,0.77529596,1.42258033,0.64725054,1.03491544
43,uma-s-1p1,0.04389927,-20.35574768,8.65517807,29.01092575,0.87107574,1.13426876,0.26315919,0.69871398
43,uma-s-1p2,0.04185979,-20.01510195,9.51225290,29.52735485,1.21172147,1.99134359,0.77958829,1.38546594
44,aimnet2-nse,0.00339578,-19.46583850,4.02744098,23.49327948,-2.43801172,2.31583553,4.75382012,3.53482783
44,allscaip-md-conserving-all-omol,0.06130529,-15.13724375,2.99532838,18.13257213,1.89058303,1.28372293,-0.60688723,0.94530508
44,allscaip-md-direct-all-omol,0.01992022,-15.60123837,3.39164527,18.99288364,1.42658841,1.68003982,0.25342428,0.96673205
44,esen-md-direct-all-omol,0.02609767,-14.80309051,2.10249264,16.90558315,2.22473627,0.39088719,-1.83387621,1.11238170
44,esen-sm-conserving-all-omol,0.03525774,-14.64072533,2.40106326,17.04178859,2.38710145,0.68945781,-1.69767077,1.19356429
44,esen-sm-direct-all-omol,0.01280924,-15.53875617,5.59855087,21.13730704,1.48907061,3.88694542,2.39784768,3.14239655
44,extra_large,0.04891421,-15.87029603,2.90110151,18.77139754,1.15753075,1.18949606,0.03193818,0.61071712
44,orbmol_v1_conservative,0.01274658,-16.45626693,4.05446429,20.51073122,0.57155985,2.34285884,1.77127186,2.05706535
44,orbmol_v1_direct,0.00752889,-16.35659220,4.45895148,20.81554368,0.67123458,2.74734603,2.07608432,2.41171518
44,orbmol_v2,0.01326902,-17.05354422,1.93360838,18.98715260,-0.02571744,0.22200293,0.24769324,0.23484809
44,polar-1-l,0.13253301,-16.23198736,4.22283851,20.45482587,0.79583942,2.51123306,1.71536651,2.11329979
44,polar-1-m,0.06550950,-19.98158614,3.31530807,23.29689421,-2.95375936,1.60370262,4.55743485,3.08056874
44,polar-1-s,0.04008832,-15.84033157,7.74143435,23.58176592,1.18749521,6.02982890,4.84230656,5.43606773
44,uma-m-1p1,0.10184206,-15.25793160,3.39687852,18.65481012,1.76989518,1.68527307,-0.08464924,0.88496116
44,uma-s-1p1,0.04412518,-15.60230847,3.63548219,19.23779066,1.42551831,1.92387674,0.49833130,1.21110402
44,uma-s-1p2,0.04258693,-15.68738089,2.58407499,18.27145588,1.34044589,0.87246954,-0.46800348,0.67023651
45,aimnet2-nse,0.00339382,-10.92159375,20.21515283,31.13674658,1.35723864,8.70236595,7.34510774,8.02373685
45,allscaip-md-conserving-all-omol,0.06131059,-10.09358097,12.64953713,22.74311810,2.18525142,1.13675025,-1.04852074,1.09263550
45,allscaip-md-direct-all-omol,0.01826664,-11.54488000,13.39790876,24.94278876,0.73395239,1.88512188,1.15114992,1.51813590
45,esen-md-direct-all-omol,0.02636108,-10.45034529,12.12798111,22.57832640,1.82848710,0.61519423,-1.21331244,0.91425333
45,esen-sm-conserving-all-omol,0.03595511,-12.32974768,13.81197807,26.14172575,-0.05091529,2.29919119,2.35008691,2.32463905
45,esen-sm-direct-all-omol,0.01288712,-12.30558508,13.27290394,25.57848902,-0.02675269,1.76011706,1.78685018,1.77348362
45,extra_large,0.08711906,-9.03219295,13.45731210,22.48950505,3.24663944,1.94452522,-1.30213379,1.62332950
45,orbmol_v1_conservative,0.01232931,-8.86285876,17.97131050,26.83416926,3.41597363,6.45852362,3.04253042,4.75052702
45,orbmol_v1_direct,0.00761496,-6.44102311,19.36176136,25.80278447,5.83780928,7.84897448,2.01114563,4.93006005
45,orbmol_v2,0.01342397,-10.25679648,13.07214026,23.32893674,2.02203591,1.55935338,-0.46270210,1.01102774
45,polar-1-l,0.18012788,-10.97410340,13.26397851,24.23808191,1.30472899,1.75119163,0.44644307,1.09881735
45,polar-1-m,0.08429350,-5.23046671,18.32783787,23.55830458,7.04836568,6.81505099,-0.23333426,3.52419263
45,polar-1-s,0.04319374,-4.89574048,15.40413648,20.29987696,7.38309191,3.89134960,-3.49176188,3.69155574
45,uma-m-1p1,0.10211152,-10.76306400,12.50674442,23.26980842,1.51576839,0.99395754,-0.52183042,0.75789398
45,uma-s-1p1,0.04389029,-9.08555423,14.87104384,23.95659807,3.19327816,3.35825696,0.16495923,1.76160810
45,uma-s-1p2,0.04303807,-11.60846036,12.45707239,24.06553275,0.67037203,0.94428551,0.27389391,0.60908971
46,aimnet2-nse,0.00337998,-32.42499289,2.04458773,34.46958062,-2.39972689,1.67658802,4.07626706,2.87642754
46,allscaip-md-conserving-all-omol,0.05921089,-28.67825542,1.07756542,29.75582084,1.34701058,0.70956571,-0.63749272,0.67352922
46,allscaip-md-direct-all-omol,0.01845993,-28.60483771,2.04629668,30.65113439,1.42042829,1.67829697,0.25782083,0.96805890
46,esen-md-direct-all-omol,0.02632398,-28.26284304,1.10711346,29.36995650,1.76242296,0.73911375,-1.02335706,0.88123541
46,esen-sm-conserving-all-omol,0.03552938,-28.82216744,0.16359543,28.98576287,1.20309856,-0.20440428,-1.40755069,0.80597748
46,esen-sm-direct-all-omol,0.01285508,-25.92861696,1.71142771,27.64004467,4.09664904,1.34342800,-2.75326889,2.04834845
46,extra_large,0.07330256,-30.50478702,0.83474878,31.33953580,-0.47952102,0.46674907,0.94622224,0.70648566
46,orbmol_v1_conservative,0.01308851,-30.34594446,1.75031120,32.09625566,-0.32067846,1.38231149,1.70294210,1.54262680
46,orbmol_v1_direct,0.00755785,-31.11192226,1.07839743,32.19031969,-1.08665626,0.71039772,1.79700613,1.25370193
46,orbmol_v2,0.01335510,-29.86857443,0.59450833,30.46308276,0.15669157,0.22650862,0.06976920,0.14813891
46,polar-1-l,0.16125655,-30.07958480,1.89265263,31.97223743,-0.05431880,1.52465292,1.57892387,1.55178840
46,polar-1-m,0.07713335,-32.69364506,1.01452855,33.70817361,-2.66837906,0.64652884,3.31486005,1.98069445
46,polar-1-s,0.04209094,-34.30746377,2.85227576,37.15973953,-4.28219777,2.48427605,6.76642597,4.62535101
46,uma-m-1p1,0.10131166,-28.74612826,0.56173357,29.30786183,1.27913774,0.19373386,-1.08545173,0.63959280
46,uma-s-1p1,0.04394618,-29.05073895,1.68253696,30.73327591,0.97452705,1.31453725,0.33996235,0.82724980
46,uma-s-1p2,0.04202557,-27.74517618,1.03113131,28.77630749,2.28008982,0.66313160,-1.61700607,1.14006884
47,aimnet2-nse,0.00364320,-0.64984034,18.50232056,19.15216090,3.23462795,6.95448149,3.71984735,5.33716442
47,allscaip-md-conserving-all-omol,0.05825643,-0.37162853,13.91378379,14.28541232,3.51283976,2.36594472,-1.14690123,1.75642297
47,allscaip-md-direct-all-omol,0.01870505,-0.67096715,14.33526532,15.00623247,3.21350114,2.78742625,-0.42608108,1.60675367
47,esen-md-direct-all-omol,0.02770480,-1.55971181,12.46719902,14.02691083,2.32475648,0.91935995,-1.40540272,1.16238133
47,esen-sm-conserving-all-omol,0.03542826,-2.04505648,12.86607264,14.91112912,1.83941181,1.31823357,-0.52118443,0.91970900
47,esen-sm-direct-all-omol,0.01274445,0.04041826,18.79167565,18.75125739,3.92488655,7.24383658,3.31894384,5.28139021
47,extra_large,0.05406970,-1.21090920,13.65308387,14.86399307,2.67355909,2.10524480,-0.56832048,1.33678264
47,orbmol_v1_conservative,0.01316795,-0.78159093,14.15525872,14.93684965,3.10287736,2.60741965,-0.49546390,1.55144177
47,orbmol_v1_direct,0.00788156,-0.47165962,13.48458890,13.95624852,3.41280867,1.93674983,-1.47606503,1.70640743
47,orbmol_v2,0.01366035,-1.44675281,13.37346711,14.82021992,2.43771548,1.82562804,-0.61209363,1.21886084
47,polar-1-l,0.14382354,-2.31177568,14.68598402,16.99775970,1.57269261,3.13814495,1.56544615,2.35179555
47,polar-1-m,0.07200546,-2.94050463,17.16971933,20.11022396,0.94396366,5.62188026,4.67791041,5.14989534
47,polar-1-s,0.04222674,-7.66214793,21.50925030,29.17139823,-3.77767964,9.96141123,13.73908468,11.85024796
47,uma-m-1p1,0.09745424,-0.15233931,14.48393621,14.63627552,3.73212898,2.93609714,-0.79603803,1.86606758
47,uma-s-1p1,0.04451578,-0.49501555,14.26459183,14.75960738,3.38945274,2.71675276,-0.67270617,1.69472947
47,uma-s-1p2,0.04443714,-1.18194196,14.55991262,15.74185458,2.70252633,3.01207355,0.30954103,1.66080729
48,aimnet2-nse,0.00364624,-28.80062349,0.50529338,29.30591687,-0.84616065,-0.87255897,-0.02644286,0.44950091
48,allscaip-md-conserving-all-omol,0.06093206,-25.88114940,3.62121141,29.50236081,2.07331344,2.24335906,0.17000108,1.20668007
48,allscaip-md-direct-all-omol,0.01893967,-25.94383762,4.09756911,30.04140673,2.01062522,2.71971676,0.70904700,1.71438188
48,esen-md-direct-all-omol,0.03064845,-26.26993207,2.07968041,28.34961248,1.68453077,0.70182806,-0.98274725,0.84228766
48,esen-sm-conserving-all-omol,0.03554822,-25.42226958,3.95699128,29.37926086,2.53219326,2.57913893,0.04690113,1.31302003
48,esen-sm-direct-all-omol,0.01633545,-25.20644102,6.93188060,32.13832162,2.74802182,5.55402825,2.80596189,4.17999507
48,extra_large,0.10439702,-26.02314365,2.89604291,28.91918656,1.93131919,1.51819056,-0.41317317,0.96568187
48,orbmol_v1_conservative,0.01314925,-26.14092120,4.90287044,31.04379164,1.81354164,3.52501809,1.71143191,2.61822500
48,orbmol_v1_direct,0.00777850,-24.69970750,5.05283646,29.75254396,3.25475534,3.67498411,0.42018423,2.04758417
48,orbmol_v2,0.01389847,-27.30043319,1.74816420,29.04859739,0.65402965,0.37031185,-0.28376234,0.32703710
48,polar-1-l,0.22591979,-25.75668793,2.36714419,28.12383212,2.19777491,0.98929184,-1.20852761,1.09890973
48,polar-1-m,0.10256048,-25.12605135,1.68921491,26.81526626,2.82841149,0.31136256,-2.51709347,1.41422802
48,polar-1-s,0.04814068,-30.54393233,4.36460155,34.90853388,-2.58946949,2.98674920,5.57617415,4.28146168
48,uma-m-1p1,0.10309048,-26.00166849,3.35064100,29.35230949,1.95279435,1.97278865,0.01994976,0.99636921
48,uma-s-1p1,0.04372674,-26.80265758,4.60773763,31.41039521,1.15180526,3.22988528,2.07803548,2.65396038
48,uma-s-1p2,0.04524889,-26.67914418,3.51681855,30.19596273,1.27531866,2.13896620,0.86360300,1.50128460
49,aimnet2-nse,0.00341917,-55.51496855,2.29162835,57.80659690,-2.24429952,-3.47796146,-1.23374684,2.35585415
49,allscaip-md-conserving-all-omol,0.05667902,-51.63123253,5.81417992,57.44541245,1.63943650,0.04459011,-1.59493129,0.81976070
49,allscaip-md-direct-all-omol,0.01877105,-52.14948204,6.05298280,58.20246484,1.12118699,0.28339299,-0.83787890,0.56063594
49,esen-md-direct-all-omol,0.02634570,-51.25231813,6.23673612,57.48905425,2.01835090,0.46714631,-1.55128949,1.00921790
49,esen-sm-conserving-all-omol,0.03560252,-51.29950411,6.74615000,58.04565411,1.97116492,0.97656019,-0.99468963,0.98562491
49,esen-sm-direct-all-omol,0.01343440,-49.82083190,5.69087988,55.51171178,3.44983713,-0.07870993,-3.52863196,1.80367095
49,extra_large,0.06097756,-53.40728112,5.25742230,58.66470342,-0.13661209,-0.51216751,-0.37564032,0.44390392
49,orbmol_v1_conservative,0.01248033,-52.85129606,6.74463916,59.59593522,0.41937297,0.97504935,0.55559148,0.76532041
49,orbmol_v1_direct,0.00756421,-54.05912413,6.21432897,60.27345310,-0.78845510,0.44473916,1.23310936,0.83892426
49,orbmol_v2,0.01327420,-50.06221722,7.72284358,57.78506080,3.20845181,1.95325377,-1.25528294,1.60426835
49,polar-1-l,0.15158879,-52.03062638,4.07415439,56.10478077,1.24004265,-1.69543542,-2.93556297,2.31549920
49,polar-1-m,0.07529758,-54.19204847,2.76732471,56.95937318,-0.92137944,-3.00226510,-2.08097056,2.54161783
49,polar-1-s,0.04272933,-61.99102998,1.09656325,63.08759323,-8.72036095,-4.67302656,4.04724949,4.36013803
49,uma-m-1p1,0.14988275,-51.17725741,4.76655220,55.94380961,2.09341162,-1.00303761,-3.09653413,2.04978587
49,uma-s-1p1,0.04311844,-51.26683525,6.27247056,57.53930581,2.00383378,0.50288075,-1.50103793,1.00195934
49,uma-s-1p2,0.04541883,-51.52200293,6.30629382,57.82829675,1.74866610,0.53670401,-1.21204699,0.87437550
50,aimnet2-nse,0.00384108,-25.19067300,10.74860234,35.93927534,3.40796869,10.22116968,6.81315542,8.51716255
50,allscaip-md-conserving-all-omol,0.05672183,-30.52192921,-0.92526081,29.59666840,-1.92328752,-1.45269347,0.47054848,0.96162097
50,allscaip-md-direct-all-omol,0.01951038,-31.38427571,-1.80421146,29.58006425,-2.78563402,-2.33164412,0.45394433,1.39279422
50,esen-md-direct-all-omol,0.03036964,-29.44835680,0.84609184,30.29444864,-0.84971511,0.31865918,1.16832872,0.74349395
50,esen-sm-conserving-all-omol,0.03624598,-33.09423549,-0.95373453,32.14050096,-4.49559380,-1.48116719,3.01438104,2.24777411
50,esen-sm-direct-all-omol,0.01650511,-32.57588774,-0.57429243,32.00159531,-3.97724605,-1.10172509,2.87547539,1.98860024
50,extra_large,0.09375881,-30.09373353,0.49799028,30.59172381,-1.49509184,-0.02944238,1.46560389,0.74752313
50,orbmol_v1_conservative,0.01294457,-30.44112969,3.57365040,34.01478009,-1.84248800,3.04621774,4.88866017,3.96743896
50,orbmol_v1_direct,0.00776366,-31.34176849,3.55746081,34.89922930,-2.74312680,3.03002815,5.77310938,4.40156877
50,orbmol_v2,0.01421686,-30.63750675,0.73831843,31.37582518,-2.03886506,0.21088577,2.24970526,1.23029552
50,polar-1-l,0.20972366,-29.20294783,1.10472745,30.30767528,-0.60430614,0.57729479,1.18155536,0.87942508
50,polar-1-m,0.09648789,-26.23663342,5.16617097,31.40280439,2.36200827,4.63873831,2.27668447,3.45771139
50,polar-1-s,0.04773953,-22.46503606,8.25765907,30.72269513,6.13360563,7.73022641,1.59657521,4.66340081
50,uma-m-1p1,0.10153932,-30.72748083,-1.09700564,29.63047519,-2.12883914,-1.62443830,0.50435527,1.06439678
50,uma-s-1p1,0.04319595,-29.82553403,2.53338024,32.35891427,-1.22689234,2.00594758,3.23279435,2.61937097
50,uma-s-1p2,0.04749528,-30.05953494,1.57731374,31.63684868,-1.46089325,1.04988108,2.51072876,1.78030492
