reaction_type,model,model_category,average_run_time_seconds,mae_thermo_kcal_mol,mae_kinetic_kcal_mol,combined_mae_kcal_mol
C-C,allscaip-md-direct-all-omol,MLIP,0.01954455,1.08614256,0.77943290,0.93278773
C-C,uma-m-1p1,MLIP,0.10118804,1.15182595,0.81056238,0.98119416
C-C,wB97M-V,DFT,10026.41041667,1.21034533,0.75780107,0.98407320
C-C,uma-s-1p2,MLIP,0.04735356,1.28268564,1.28586424,1.28427494
C-C,esen-md-direct-all-omol,MLIP,0.02601972,1.48517918,1.08448694,1.28483306
C-C,allscaip-md-conserving-all-omol,MLIP,0.05732484,1.63609040,1.02739819,1.33174429
C-C,orbmol_v2,MLIP,0.01544409,1.88773710,1.39160017,1.63966864
C-C,uma-s-1p1,MLIP,0.04476050,1.68403345,1.60963337,1.64683341
C-C,M06-2X-D30,DFT,1369.64094444,2.04826500,1.30636824,1.67731662
C-C,esen-sm-conserving-all-omol,MLIP,0.03687175,1.71360706,1.72198310,1.71779508
C-C,B2GP-PLYP-D4,DFT,1383.07302778,2.15082550,1.29547058,1.72314804
C-C,polar-1-l,MLIP,0.21653428,2.33068434,2.27909488,2.30488961
C-C,esen-sm-direct-all-omol,MLIP,0.01308712,1.55201943,3.07522146,2.31362044
C-C,M06-D4,DFT,14281.88111111,2.52745852,2.16935453,2.34840653
C-C,B3PW91-D4,DFT,9065.03569444,2.49901913,2.31999200,2.40950556
C-C,orbmol_v1_direct,MLIP,0.02070607,2.11201381,2.93503406,2.52352394
C-C,orbmol_v1_conservative,MLIP,0.01387509,2.28003572,3.07067109,2.67535340
C-C,B97M-V,DFT,4911.76986111,3.19256386,2.34467019,2.76861702
C-C,MACE-OMOL,MLIP,0.11246962,3.08373463,3.02702143,3.05537803
C-C,polar-1-m,MLIP,0.12179016,2.45885344,3.81611800,3.13748572
C-C,gxtb,Semiempirical tight-binding,0.09630821,4.26837145,3.04638576,3.65737860
C-C,aimnet2-nse,MLIP,0.00570622,2.26800517,5.71736115,3.99268316
C-C,OLYP-D3BJ,DFT,3278.16826389,3.99121979,4.88461378,4.43791679
C-C,polar-1-s,MLIP,0.08140445,6.04535678,6.84119348,6.44327513
C-Hal,B2GP-PLYP-D4,DFT,870.39650000,0.43104652,0.98717251,0.70910951
C-Hal,esen-sm-conserving-all-omol,MLIP,0.02710593,1.02922621,1.15945956,1.09434289
C-Hal,gxtb,Semiempirical tight-binding,0.09095084,1.39297234,1.11002324,1.25149779
C-Hal,wB97M-V,DFT,5835.45312500,1.60152408,1.01795813,1.30974110
C-Hal,allscaip-md-conserving-all-omol,MLIP,0.04603005,1.05001679,1.59862385,1.32432032
C-Hal,uma-m-1p1,MLIP,0.07958460,1.34770913,1.42280831,1.38525872
C-Hal,M06-2X-D30,DFT,967.73650000,1.91209684,0.97180528,1.44195106
C-Hal,uma-s-1p2,MLIP,0.04256211,1.29970644,2.13083170,1.71526907
C-Hal,esen-md-direct-all-omol,MLIP,0.01996120,1.76682214,1.88286409,1.82484311
C-Hal,esen-sm-direct-all-omol,MLIP,0.01022758,0.68049331,3.06046243,1.87047787
C-Hal,allscaip-md-direct-all-omol,MLIP,0.01466965,1.86091085,1.92447599,1.89269342
C-Hal,polar-1-l,MLIP,0.14766586,1.32424127,2.67120502,1.99772315
C-Hal,uma-s-1p1,MLIP,0.03354472,1.03670069,3.21902859,2.12786464
C-Hal,aimnet2-nse,MLIP,0.00348145,2.18054533,2.34672135,2.26363334
C-Hal,polar-1-m,MLIP,0.07547075,1.87051344,2.90914335,2.38982840
C-Hal,orbmol_v1_conservative,MLIP,0.01256503,3.20849472,1.79573509,2.50211490
C-Hal,orbmol_v1_direct,MLIP,0.00786042,2.02679488,3.56476859,2.79578174
C-Hal,M06-D4,DFT,8064.55687500,2.98963250,2.75415176,2.87189213
C-Hal,MACE-OMOL,MLIP,0.06027170,4.02255000,2.01128285,3.01691642
C-Hal,B97M-V,DFT,2576.61125000,1.92146370,4.60862422,3.26504396
C-Hal,B3PW91-D4,DFT,5038.20875000,3.50930473,3.66938512,3.58934492
C-Hal,polar-1-s,MLIP,0.04158474,4.25355462,5.38503654,4.81929558
C-Hal,orbmol_v2,MLIP,0.01292209,6.17710237,3.60259304,4.88984771
C-Hal,OLYP-D3BJ,DFT,1350.24375000,3.51717106,6.79074410,5.15395758
C-O,uma-m-1p1,MLIP,0.09750156,1.16467734,1.70005908,1.43236821
C-O,wB97M-V,DFT,3318.50750000,1.21898495,1.70159141,1.46028818
C-O,B2GP-PLYP-D4,DFT,620.89220000,1.98616986,1.17529524,1.58073255
C-O,allscaip-md-direct-all-omol,MLIP,0.02008401,1.68235481,1.59496183,1.63865832
C-O,esen-md-direct-all-omol,MLIP,0.02590914,1.30268639,2.08463527,1.69366083
C-O,uma-s-1p2,MLIP,0.05097130,1.23879770,2.23526274,1.73703022
C-O,allscaip-md-conserving-all-omol,MLIP,0.05904220,1.26017131,2.93634394,2.09825763
C-O,M06-2X-D30,DFT,584.89520000,2.65674634,1.92235992,2.28955313
C-O,uma-s-1p1,MLIP,0.04459199,1.24706242,3.79764167,2.52235205
C-O,MACE-OMOL,MLIP,0.06127371,1.04387081,4.03532272,2.53959676
C-O,esen-sm-conserving-all-omol,MLIP,0.03599599,1.52277227,3.88737712,2.70507469
C-O,orbmol_v2,MLIP,0.01821712,2.39012883,3.55805994,2.97409439
C-O,esen-sm-direct-all-omol,MLIP,0.01303252,2.70334022,3.34463247,3.02398635
C-O,polar-1-l,MLIP,0.16283903,2.39305016,3.71562977,3.05433996
C-O,B3PW91-D4,DFT,2929.39500000,2.15498985,4.18711765,3.17105375
C-O,M06-D4,DFT,3777.14850000,2.04342710,4.44264495,3.24303602
C-O,orbmol_v1_conservative,MLIP,0.01125053,2.78752227,4.48629256,3.63690742
C-O,polar-1-m,MLIP,0.07843498,2.80732541,4.52282292,3.66507417
C-O,polar-1-s,MLIP,0.04139744,3.58909589,5.35856673,4.47383131
C-O,aimnet2-nse,MLIP,0.00338583,1.97098327,7.55437384,4.76267855
C-O,orbmol_v1_direct,MLIP,0.00882033,1.94234868,7.62738775,4.78486821
C-O,B97M-V,DFT,2452.08600000,5.19169238,6.74626570,5.96897904
C-O,gxtb,Semiempirical tight-binding,0.06874731,8.08772685,4.91266799,6.50019742
C-O,OLYP-D3BJ,DFT,2148.71500000,10.13507661,10.16436111,10.14971886
C-S,B2GP-PLYP-D4,DFT,809.70683333,1.88997527,0.97008245,1.43002886
C-S,gxtb,Semiempirical tight-binding,0.07434597,1.81003853,1.15898304,1.48451079
C-S,wB97M-V,DFT,5439.50770833,2.13389580,1.11422262,1.62405921
C-S,uma-s-1p2,MLIP,0.04776284,2.03068935,1.29784021,1.66426478
C-S,allscaip-md-direct-all-omol,MLIP,0.01668754,1.80803465,1.64329163,1.72566314
C-S,uma-s-1p1,MLIP,0.03816935,2.05861377,1.42366876,1.74114126
C-S,allscaip-md-conserving-all-omol,MLIP,0.05122843,2.13415794,1.35455303,1.74435549
C-S,uma-m-1p1,MLIP,0.08396821,2.34384454,1.23735304,1.79059879
C-S,esen-md-direct-all-omol,MLIP,0.02304703,2.32108211,1.31256343,1.81682277
C-S,M06-2X-D30,DFT,999.44316667,2.64447496,1.32223819,1.98335657
C-S,esen-sm-conserving-all-omol,MLIP,0.03173596,2.98063861,1.52645591,2.25354726
C-S,MACE-OMOL,MLIP,0.05681336,3.03320721,1.83690600,2.43505660
C-S,polar-1-l,MLIP,0.14812710,2.91617878,2.02883177,2.47250528
C-S,esen-sm-direct-all-omol,MLIP,0.01142736,2.27862049,2.82736299,2.55299174
C-S,polar-1-m,MLIP,0.07449190,3.18840543,2.01240137,2.60040340
C-S,M06-D4,DFT,7733.82958333,3.08158037,2.45315937,2.76736987
C-S,B97M-V,DFT,2363.62333333,3.64825490,2.22180886,2.93503188
C-S,orbmol_v1_conservative,MLIP,0.40442579,2.96859903,3.09603616,3.03231759
C-S,B3PW91-D4,DFT,5149.23875000,3.50090258,2.93393650,3.21741954
C-S,orbmol_v2,MLIP,0.48471507,4.55194978,2.41035379,3.48115179
C-S,OLYP-D3BJ,DFT,1351.75958333,4.95076512,4.71835462,4.83455987
C-S,orbmol_v1_direct,MLIP,0.01078226,5.07693675,5.33162315,5.20427995
C-S,polar-1-s,MLIP,0.04056262,6.40737848,4.08141908,5.24439878
C-S,aimnet2-nse,MLIP,0.01393279,7.48335436,5.30891029,6.39613232
HAT,B2GP-PLYP-D4,DFT,710.56968889,0.87731633,1.63290054,1.25510844
HAT,esen-sm-direct-all-omol,MLIP,0.01283239,1.38157227,2.02142864,1.70150046
HAT,wB97M-V,DFT,4467.12496296,1.85441364,2.81733788,2.33587576
HAT,M06-2X-D30,DFT,1022.95158519,1.79652025,2.92838829,2.36245427
HAT,esen-md-direct-all-omol,MLIP,0.02599018,1.68979641,3.03857327,2.36418484
HAT,polar-1-m,MLIP,0.07855714,2.32171521,3.21928007,2.77049764
HAT,MACE-OMOL,MLIP,0.06205639,2.75200253,2.86640908,2.80920581
HAT,M06-D4,DFT,5589.97785185,1.31197952,4.71112628,3.01155290
HAT,uma-m-1p1,MLIP,0.11046941,3.03938685,3.22464927,3.13201806
HAT,polar-1-l,MLIP,0.15723780,2.43422727,3.84650542,3.14036634
HAT,esen-sm-conserving-all-omol,MLIP,0.03595201,3.55175682,2.74080784,3.14628233
HAT,B3PW91-D4,DFT,4112.74607407,1.26074013,6.29303952,3.77688983
HAT,aimnet2-nse,MLIP,0.00350257,2.71554841,5.84047100,4.27800971
HAT,B97M-V,DFT,3167.32288889,2.85438209,6.24303622,4.54870916
HAT,allscaip-md-conserving-all-omol,MLIP,0.05849538,5.47104996,3.85023549,4.66064272
HAT,polar-1-s,MLIP,0.04143260,3.92394664,5.84966580,4.88680622
HAT,allscaip-md-direct-all-omol,MLIP,0.01907607,6.10127023,4.27526942,5.18826982
HAT,uma-s-1p2,MLIP,0.04461860,5.91441605,5.20950371,5.56195988
HAT,gxtb,Semiempirical tight-binding,0.06158085,3.37427829,8.15528936,5.76478383
HAT,OLYP-D3BJ,DFT,2490.27400000,5.16255142,10.37893761,7.77074451
HAT,orbmol_v2,MLIP,0.01406222,10.98508378,5.78758981,8.38633679
HAT,orbmol_v1_direct,MLIP,0.00808010,9.51246620,7.70630353,8.60938487
HAT,orbmol_v1_conservative,MLIP,0.01286224,11.32296165,6.11407998,8.71852082
HAT,uma-s-1p1,MLIP,0.04368412,13.94051243,7.78671433,10.86361338
N-X,orbmol_v2,MLIP,0.01384107,1.50712469,1.06058317,1.28385393
N-X,esen-md-direct-all-omol,MLIP,0.02736205,1.66667627,1.00187469,1.33427548
N-X,M06-2X-D30,DFT,1128.74666667,1.66306640,1.09976301,1.38141470
N-X,B2GP-PLYP-D4,DFT,1422.89866667,1.82048494,1.00809696,1.41429095
N-X,allscaip-md-direct-all-omol,MLIP,0.01898186,1.74001946,1.15997473,1.44999710
N-X,wB97M-V,DFT,6972.30620370,1.87079161,1.06421684,1.46750423
N-X,uma-m-1p1,MLIP,0.10722035,1.77541023,1.21011955,1.49276489
N-X,uma-s-1p2,MLIP,0.04406052,1.58411107,1.45508465,1.51959786
N-X,allscaip-md-conserving-all-omol,MLIP,0.05962299,1.91962874,1.21297919,1.56630396
N-X,polar-1-l,MLIP,0.16603494,1.11727589,2.06486829,1.59107209
N-X,MACE-OMOL,MLIP,0.06972644,1.78759378,1.62654885,1.70707131
N-X,uma-s-1p1,MLIP,0.04384673,1.67112106,1.86939827,1.77025967
N-X,esen-sm-conserving-all-omol,MLIP,0.03567781,1.75240795,1.84851582,1.80046189
N-X,orbmol_v1_conservative,MLIP,0.01275069,1.47650557,2.91402786,2.19526671
N-X,esen-sm-direct-all-omol,MLIP,0.01371706,2.50653277,2.85691101,2.68172189
N-X,orbmol_v1_direct,MLIP,0.00771692,2.59471769,3.19661265,2.89566517
N-X,M06-D4,DFT,10019.17537037,3.18293195,2.77877906,2.98085550
N-X,polar-1-m,MLIP,0.07919114,2.88457392,3.27273185,3.07865288
N-X,B97M-V,DFT,3395.01129630,3.73789349,3.18784377,3.46286863
N-X,aimnet2-nse,MLIP,0.00349732,2.62674290,5.81512144,4.22093217
N-X,B3PW91-D4,DFT,6321.74277778,5.17780361,3.36247652,4.27014007
N-X,gxtb,Semiempirical tight-binding,0.08298199,5.86124561,3.78031983,4.82078272
N-X,polar-1-s,MLIP,0.04295674,4.22461189,5.66307456,4.94384322
N-X,OLYP-D3BJ,DFT,1793.22462963,8.14913683,5.94584597,7.04749140
Si-X,B2GP-PLYP-D4,DFT,1763.40828571,0.39528190,0.32179662,0.35853926
Si-X,M06-2X-D30,DFT,1624.92800000,1.02520766,0.55185335,0.78853050
Si-X,M06-D4,DFT,11448.10428571,2.18017167,1.09009747,1.63513457
Si-X,orbmol_v2,MLIP,0.01362235,2.85462829,1.43048687,2.14255758
Si-X,MACE-OMOL,MLIP,0.08944955,1.97387765,2.66547442,2.31967603
Si-X,polar-1-m,MLIP,0.09068137,2.96766521,1.73029013,2.34897767
Si-X,allscaip-md-conserving-all-omol,MLIP,0.05931451,3.10785997,1.59841219,2.35313608
Si-X,polar-1-l,MLIP,0.19053036,3.33283870,1.70954310,2.52119090
Si-X,uma-s-1p1,MLIP,0.04386069,3.04754070,2.00866039,2.52810054
Si-X,esen-md-direct-all-omol,MLIP,0.02625568,3.50164074,1.75083201,2.62623638
Si-X,wB97M-V,DFT,8081.34047619,3.54829672,1.77416000,2.66122836
Si-X,orbmol_v1_direct,MLIP,0.00770709,3.36792234,2.02883384,2.69837809
Si-X,esen-sm-conserving-all-omol,MLIP,0.03593737,2.86608555,2.61014443,2.73811499
Si-X,orbmol_v1_conservative,MLIP,0.01283182,3.27346604,3.14976327,3.21161465
Si-X,allscaip-md-direct-all-omol,MLIP,0.01902171,3.85920095,2.57443465,3.21681780
Si-X,uma-m-1p1,MLIP,0.10358439,4.06214645,2.66920849,3.36567747
Si-X,uma-s-1p2,MLIP,0.04356683,4.56633061,2.97901769,3.77267415
Si-X,B97M-V,DFT,4549.88571429,5.06888094,2.53445211,3.80166652
Si-X,B3PW91-D4,DFT,6885.13000000,5.14905448,2.57453887,3.86179668
Si-X,esen-sm-direct-all-omol,MLIP,0.01301946,4.81969993,2.92666056,3.87318025
Si-X,polar-1-s,MLIP,0.04281304,5.44562717,2.72282522,4.08422619
Si-X,aimnet2-nse,MLIP,0.00332556,3.15720885,10.33498222,6.74609553
Si-X,gxtb,Semiempirical tight-binding,0.10318761,10.76174804,5.50453586,8.13314195
Si-X,OLYP-D3BJ,DFT,2856.27380952,11.63919209,5.81960768,8.72939988
