species,charge,multiplicity,xyz_file,comment
1-P1,0,3,structures/reference/1-P1.xyz,cyc3-trip-i1-wb97xd0
1-R1,0,3,structures/reference/1-R1.xyz,cyc3-trip-r1-wb97xd0
1-TS,0,3,structures/reference/1-TS.xyz,cyc3-trip-ts1-wb97xd0
10-P1,0,2,structures/reference/10-P1.xyz,frag1-p1-doublet-wb97xd0
10-P2,0,2,structures/reference/10-P2.xyz,methyl-doublet-wb97xd0
10-R1,0,3,structures/reference/10-R1.xyz,acetone-triplet-wb97xd0
10-TS,0,3,structures/reference/10-TS.xyz,frag1-ts1-triplet-wb97xd-c10
11-P1,0,2,structures/reference/11-P1.xyz,frag4-p1-doublet-wb97xd0
11-P2,0,2,structures/reference/11-P2.xyz,frag4-p2-doublet-wb97xd0
11-R1,0,3,structures/reference/11-R1.xyz,FRAG34-R1_rdkit_conf_2_wb97xd0_triplet
11-TS,0,3,structures/reference/11-TS.xyz,frag4-ts1-triplet-c8-wb97xd0
12-P1,0,3,structures/reference/12-P1.xyz,N7-P1_rdkit_conf_4_wb97xd0_triplet
12-R1,0,3,structures/reference/12-R1.xyz,n7-i1-triplet0
12-R2,0,1,structures/reference/12-R2.xyz,n7-r2-singlet0
12-TS,0,3,structures/reference/12-TS.xyz,n6-ts2-triplet-conf30
13-P1,0,3,structures/reference/13-P1.xyz,CA2-P1_rdkit_conf_2_wb97xd0_triplet
13-R2,0,1,structures/reference/13-R2.xyz,dicyanoethene-singlet-wb97xd0
13-TS,0,3,structures/reference/13-TS.xyz,ca2-ts1-triplet-wb97xd0
14-P1,0,3,structures/reference/14-P1.xyz,CA3-P1_rdkit_conf_2_wb97xd0_triplets
14-R1,0,3,structures/reference/14-R1.xyz,CA3-R1_rdkit_conf_2_wb97xd-triplet0
14-R2,0,1,structures/reference/14-R2.xyz,dimethylallene-singlet-wb97xd0
14-TS,0,3,structures/reference/14-TS.xyz,ca3-ts1-triplet-wb97xd-conf90
15-P1,0,3,structures/reference/15-P1.xyz,CA8-P1_rdkit_conf_4_wb97xd0_triplet
15-R1,0,3,structures/reference/15-R1.xyz,ca8-r1-triplet-wb97xd-r0
15-R2,0,1,structures/reference/15-R2.xyz,ethene-neutral-wb97xd0_singlet
15-TS,0,3,structures/reference/15-TS.xyz,ca8-ts1-triplet-unfrz-cx20
16-P1,0,3,structures/reference/16-P1.xyz,ca9-p1-triplet-wb97xd0
16-R1,0,3,structures/reference/16-R1.xyz,ca9-r1-triplet-wb97xd0
16-TS,0,3,structures/reference/16-TS.xyz,ca9-ts1-triplet-conf30
17-P1,0,3,structures/reference/17-P1.xyz,CA11-P1_rdkit_conf_2_wb97xd0_triplet
17-R2,0,1,structures/reference/17-R2.xyz,ca11-r2-neutral-wb97xd0_singlet
17-TS,0,3,structures/reference/17-TS.xyz,ca11-ts1-triplet-conf30
18-P1,0,3,structures/reference/18-P1.xyz,S1-P1_rdkit_conf_1_wb97xd0_triplet
18-R1,0,3,structures/reference/18-R1.xyz,sulfur-triplet-wb97xd0
18-TS,0,3,structures/reference/18-TS.xyz,s1-ts1-triplet-c30
19-P1,0,3,structures/reference/19-P1.xyz,s6-i1-triplet-wb97xd0
19-R2,0,1,structures/reference/19-R2.xyz,butadiene-singlet-wb97xd0
19-TS,0,3,structures/reference/19-TS.xyz,s6-ts1-triplet-c40
2-P1,0,3,structures/reference/2-P1.xyz,cyc3-trip-p1-wb97xd0
2-TS,0,3,structures/reference/2-TS.xyz,cyc3-trip-ts2-wb97xd0
20-P1,0,2,structures/reference/20-P1.xyz,s3-p1-doublet-wb97xd0
20-P2,0,2,structures/reference/20-P2.xyz,benzene-doublet-wb97xd0
20-R1,0,3,structures/reference/20-R1.xyz,s3-r1-triplet-wb97xd0
20-TS,0,3,structures/reference/20-TS.xyz,s3-ts1-triplet-cx20-unfrz0
21-P1,0,3,structures/reference/21-P1.xyz,s7-p1-triplet-wb97xd0
21-R1,0,3,structures/reference/21-R1.xyz,s7-r1-triplet-wb97xd0
21-TS,0,3,structures/reference/21-TS.xyz,s7-ts1-triplet-wb97xd-unfrz60
22-P1,0,3,structures/reference/22-P1.xyz,53-P1-c8-wb97xd0_triplet
22-R1,0,3,structures/reference/22-R1.xyz,53-R1-c5-wb97xd0_triplet
22-TS,0,3,structures/reference/22-TS.xyz,53-ts1-c10_triplet
23-P1,0,3,structures/reference/23-P1.xyz,HAT2-P1_rdkit_conf_8_wb97xd0_triplet
23-R1,0,3,structures/reference/23-R1.xyz,HAT2-R1_rdkit_conf_4_wb97xd0_triplet
23-TS,0,3,structures/reference/23-TS.xyz,hat2-ts1-triplet-wb97xd-c10
24-P1,0,3,structures/reference/24-P1.xyz,hat8-p1-triplet-wb97xd0
24-R1,0,3,structures/reference/24-R1.xyz,hat8-r1-triplet-wb97xd0
24-TS,0,3,structures/reference/24-TS.xyz,hat8-ts1-triplet0
25-P1,0,2,structures/reference/25-P1.xyz,hat1-p1-doublet-wb97xd0
25-R1,0,3,structures/reference/25-R1.xyz,acetophenone-triplet-wb97xd0
25-R2,0,1,structures/reference/25-R2.xyz,methane-neutral-wb97xd0_singlet
25-TS,0,3,structures/reference/25-TS.xyz,hat9-ts1-triplet-c20
26-P2,0,2,structures/reference/26-P2.xyz,methanol-doublet-wb97xd0
26-R2,0,1,structures/reference/26-R2.xyz,methanol-neutral-wb97xd0_singlet
26-TS,0,3,structures/reference/26-TS.xyz,hat10-ts1-triplet-conf30
27-P1,0,2,structures/reference/27-P1.xyz,hydroxide-doublet-wb97xd0
27-P2,0,2,structures/reference/27-P2.xyz,hat345-p2-doublet-wb97xd0
27-R1,0,3,structures/reference/27-R1.xyz,sulfurdioxide-triplet-wb97xd0
27-R2,0,1,structures/reference/27-R2.xyz,water-neutral-wb97xd0_singlet
27-TS,0,3,structures/reference/27-TS.xyz,hat7-ts1-triplet0
28-TS,0,3,structures/reference/28-TS.xyz,hat3-ts1-triplet-wb97xd-cx20
29-P1,0,2,structures/reference/29-P1.xyz,isopropyl-doublet-wb97xd0
29-R1,0,1,structures/reference/29-R1.xyz,isopropane-neutral-wb97xd0_singlet
29-TS,0,3,structures/reference/29-TS.xyz,hat3b-ts1-triplet0
3-P1,0,3,structures/reference/3-P1.xyz,CA1-P1_rdkit_conf_1_wb97xd0_triplet
3-R1,0,3,structures/reference/3-R1.xyz,CA1-R1_rdkit_conf_4_wb97xd0_triplet
3-TS,0,3,structures/reference/3-TS.xyz,ca1-ts1-triplet-wb97xd-conf30
30-P1,0,2,structures/reference/30-P1.xyz,propene-doublet-wb97xd0
30-R1,0,1,structures/reference/30-R1.xyz,propene-neutral-wb97xd0_singlet
30-TS,0,3,structures/reference/30-TS.xyz,hat3c-ts1-triplet0
31-P1,0,3,structures/reference/31-P1.xyz,SIL1-P1_rdkit_conf_1_wb97xd0_triplet
31-R1,0,3,structures/reference/31-R1.xyz,SIL1-R1_rdkit_conf_1_wb97xd0_triplet
31-TS,0,3,structures/reference/31-TS.xyz,sil1-ts1-wb97xd-unfrz-c10_triplet
32-P1,0,3,structures/reference/32-P1.xyz,SIL2-P1_rdkit_conf_1_wb97xd0_triplet
32-R1,0,3,structures/reference/32-R1.xyz,SIL2-R1_rdkit_conf_1_wb97xd0_triplet
32-TS,0,3,structures/reference/32-TS.xyz,sil2-ts1-wb97xd-unfrz-c10_triplet
33-P1,0,3,structures/reference/33-P1.xyz,SIL3-P1_rdkit_conf_13_wb97xd0_triplet
33-R1,0,3,structures/reference/33-R1.xyz,SIL3-R1_rdkit_conf_4_wb97xd0_triplet
33-TS,0,3,structures/reference/33-TS.xyz,sil3-ts1-wb97xd-frz-c10_triplet
34-P1,0,3,structures/reference/34-P1.xyz,SIL4-P1_rdkit_conf_5_wb97xd0_triplet
34-R1,0,3,structures/reference/34-R1.xyz,SIL4-R1_rdkit_conf_4_wb97xd0_triplet
34-TS,0,3,structures/reference/34-TS.xyz,sil4-ts1-wb97xd-c60_triplet
35-P1,0,3,structures/reference/35-P1.xyz,SIL5-P1_rdkit_conf_14_wb97xd0_triplet
35-R1,0,3,structures/reference/35-R1.xyz,SIL5-R1_rdkit_conf_6_wb97xd0_triplet
35-TS,0,3,structures/reference/35-TS.xyz,sil5-ts1-wb97xd-c20_triplet
36-P1,0,3,structures/reference/36-P1.xyz,SIL6-P1_rdkit_conf_1_wb97xd0_triplet
36-R1,0,3,structures/reference/36-R1.xyz,SIL6-R1_rdkit_conf_2_wb97xd0_triplet
36-TS,0,3,structures/reference/36-TS.xyz,sil6-ts1-wb97xd-frz-c10_triplet
37-P1,0,3,structures/reference/37-P1.xyz,SIL7-P1_rdkit_conf_2_wb97xd0_triplet
37-R1,0,3,structures/reference/37-R1.xyz,SIL7-R1_rdkit_conf_1_wb97xd0_triplet
37-TS,0,3,structures/reference/37-TS.xyz,sil7-ts1-wb97xd-frz-c10_triplet
38-P1,0,2,structures/reference/38-P1.xyz,ent1-p1-doublet-wb97xd0
38-P2,0,2,structures/reference/38-P2.xyz,chloride-doublet-wb97xd0
38-R1,0,3,structures/reference/38-R1.xyz,ent1-r1-triplet-wb97xd0
38-TS,0,3,structures/reference/38-TS.xyz,ent1-ts1-triplet-wb97xd0
39-P2,0,2,structures/reference/39-P2.xyz,bromide-doublet-wb97xd0
39-R1,0,3,structures/reference/39-R1.xyz,ent1b-r1-triplet-wb97xd0
39-TS,0,3,structures/reference/39-TS.xyz,ent1b-ts1-triplet-c1-wb97xd0
4-P1,0,3,structures/reference/4-P1.xyz,CA1-P2_rdkit_conf_1_wb97xd0_triplet
4-TS,0,3,structures/reference/4-TS.xyz,ca1-ts2-triplet-wb97xd-conf20
40-P1,0,2,structures/reference/40-P1.xyz,ent1c-p1-doublet-wb97xd0
40-R1,0,3,structures/reference/40-R1.xyz,ent1c-r1-triplet-wb97xd0
40-TS,0,3,structures/reference/40-TS.xyz,ent1c-ts1-triplet-c3-wb97xd0
41-P1,0,2,structures/reference/41-P1.xyz,ent1d-p1-doublet-wb97xd0
41-R1,0,3,structures/reference/41-R1.xyz,ent1d-r1-triplet-wb97xd0
41-TS,0,3,structures/reference/41-TS.xyz,ent1d-ts1-triplet-c1-wb97xd0
42-P1,0,3,structures/reference/42-P1.xyz,CA4-P1_rdkit_conf_1_wb97xd0_triplet
42-R1,0,3,structures/reference/42-R1.xyz,ca4-r2-triplet-wb97xd0
42-TS,0,3,structures/reference/42-TS.xyz,ca4-ts1-triplet-wb97xd-c20
43-P1,0,3,structures/reference/43-P1.xyz,N1-I1_rdkit_conf_1_wb97xd0_triplet
43-R1,0,3,structures/reference/43-R1.xyz,n1-r1-triplet-r-wb97xd0
43-TS,0,3,structures/reference/43-TS.xyz,n1-ts1-triplet-wb97xd-c10
44-P1,0,1,structures/reference/44-P1.xyz,dinitrogen-neutral-wb97xd0_singlet
44-P2,0,3,structures/reference/44-P2.xyz,n1-p1-triplet-wb97xd0
44-TS,0,3,structures/reference/44-TS.xyz,n1-ts2-triplet-wb97xd-c10
45-P1,0,3,structures/reference/45-P1.xyz,n2-i1-triplet-wb97xd0
45-R1,0,3,structures/reference/45-R1.xyz,n2-r1-triplet-wb97xd0
45-TS,0,3,structures/reference/45-TS.xyz,n2-ts1-triplet-wb97xd-c10
46-P1,0,3,structures/reference/46-P1.xyz,n2-p1-triplet-wb97xd0
46-TS,0,3,structures/reference/46-TS.xyz,n2-ts2-triplet-wb97xd-conf20
47-P1,0,3,structures/reference/47-P1.xyz,n5-i1-triplet0
47-R1,0,3,structures/reference/47-R1.xyz,n5-r1-triplet0
47-TS,0,3,structures/reference/47-TS.xyz,n5-ts1-triplet0
48-P1,0,3,structures/reference/48-P1.xyz,FRAG2-P1_rdkit_conf_134_wb97xd0_triplet
48-R1,0,3,structures/reference/48-R1.xyz,FRAG2-I1_rdkit_conf_50_wb97xd0_triplet
48-TS,0,3,structures/reference/48-TS.xyz,frag2-ts2-triplet-unfrz-conf100
49-P1,0,3,structures/reference/49-P1.xyz,ENT2-P1_rdkit_conf_1_wb97xd0_triplet
49-R1,0,3,structures/reference/49-R1.xyz,ent2-r1-triplet-wb97xd0
49-TS,0,3,structures/reference/49-TS.xyz,ent2-ts1-triplet-wb97xd-c10
5-P1,0,3,structures/reference/5-P1.xyz,CA6-P1_rdkit_conf_3_wb97xd0_triplet
5-R1,0,1,structures/reference/5-R1.xyz,cyanoethene-singlet-wb97xd0
5-R2,0,3,structures/reference/5-R2.xyz,cyclopentenone-triplet-wb97xd0
5-TS,0,3,structures/reference/5-TS.xyz,ca6-ts1-triplet-wb97xd-conf20
50-R1,0,3,structures/reference/50-R1.xyz,FRAG2-R1_rdkit_conf_1_wb97xd0-triplet
50-R2,0,1,structures/reference/50-R2.xyz,FRAG2-R2_rdkit_conf_1_wb97xd_singlet
50-TS,0,3,structures/reference/50-TS.xyz,frag2-ts1-triplet-wb97xd-c5-r0
6-P1,0,3,structures/reference/6-P1.xyz,CA6-P2_rdkit_conf_6_wb97xd0_triplet
6-TS,0,3,structures/reference/6-TS.xyz,ca6-ts2-triplet-wb97xd-conf20
7-P1,0,3,structures/reference/7-P1.xyz,CA7-P1_rdkit_conf_7_wb97xd0_triplet
7-R1,0,3,structures/reference/7-R1.xyz,CA7-R1_rdkit_conf_1_wb97xd0_triplet
7-TS,0,3,structures/reference/7-TS.xyz,ca7-ts1-triplet-wb97xd-c10
8-P1,0,3,structures/reference/8-P1.xyz,CARB1-P1_rdkit_conf_1_wb97xd0_triplet
8-R1,0,1,structures/reference/8-R1.xyz,butene-singlet-wb97xd0
8-R2,0,3,structures/reference/8-R2.xyz,dichlorocarbene-triplet-wb97xd0
8-TS,0,3,structures/reference/8-TS.xyz,carb1-ts1-triplet-wb97xd0
9-P1,0,3,structures/reference/9-P1.xyz,CYC1-P1_rdkit_conf_1_wb97xd0_triplet
9-R1,0,3,structures/reference/9-R1.xyz,cyc1-r1-triplet-wb97xd0
9-TS,0,3,structures/reference/9-TS.xyz,cyc1-ts1-triplet-wb97xd0
