species,model,backend,energy_eV,energy_hartree,max_force_eV_per_A,n_atoms,charge,spin_multiplicity,device,repeats,mean_time_seconds,median_time_seconds,min_time_seconds,stdev_time_seconds,status,input_file,output_file,error
1-P1,gxtb,gxtb,-16783.812325077444,-616.793726470000,,28,0,3,cpu,1,0.18856494,0.18856494,0.18856494,0.00000000,completed,structures/reference/1-P1.xyz,calculations/gxtb/raw_outputs/1-P1/gxtb.out,
1-R1,gxtb,gxtb,-16783.607666608801,-616.786205410000,,28,0,3,cpu,1,0.12107418,0.12107418,0.12107418,0.00000000,completed,structures/reference/1-R1.xyz,calculations/gxtb/raw_outputs/1-R1/gxtb.out,
1-TS,gxtb,gxtb,-16783.243425604953,-616.772819800000,,28,0,3,cpu,1,0.15845132,0.15845132,0.15845132,0.00000000,completed,structures/reference/1-TS.xyz,calculations/gxtb/raw_outputs/1-TS/gxtb.out,
10-P1,gxtb,gxtb,-4167.916466809501,-153.168105040000,,6,0,2,cpu,1,0.02457557,0.02457557,0.02457557,0.00000000,completed,structures/reference/10-P1.xyz,calculations/gxtb/raw_outputs/10-P1/gxtb.out,
10-P2,gxtb,gxtb,-1083.576533457253,-39.820703130000,,4,0,2,cpu,1,0.02144434,0.02144434,0.02144434,0.00000000,completed,structures/reference/10-P2.xyz,calculations/gxtb/raw_outputs/10-P2/gxtb.out,
10-R1,gxtb,gxtb,-5252.173902893485,-193.013830880000,,10,0,3,cpu,1,0.03393827,0.03393827,0.03393827,0.00000000,completed,structures/reference/10-R1.xyz,calculations/gxtb/raw_outputs/10-R1/gxtb.out,
10-TS,gxtb,gxtb,-5251.264783540473,-192.980421360000,,10,0,3,cpu,1,0.03374316,0.03374316,0.03374316,0.00000000,completed,structures/reference/10-TS.xyz,calculations/gxtb/raw_outputs/10-TS/gxtb.out,
11-P1,gxtb,gxtb,-9385.536944093379,-344.912120950000,,13,0,2,cpu,1,0.05796306,0.05796306,0.05796306,0.00000000,completed,structures/reference/11-P1.xyz,calculations/gxtb/raw_outputs/11-P1/gxtb.out,
11-P2,gxtb,gxtb,-5535.852147900850,-203.438814100000,,6,0,2,cpu,1,0.03060655,0.03060655,0.03060655,0.00000000,completed,structures/reference/11-P2.xyz,calculations/gxtb/raw_outputs/11-P2/gxtb.out,
11-R1,gxtb,gxtb,-14922.193849422369,-548.380509340000,,19,0,3,cpu,1,0.10308040,0.10308040,0.10308040,0.00000000,completed,structures/reference/11-R1.xyz,calculations/gxtb/raw_outputs/11-R1/gxtb.out,
11-TS,gxtb,gxtb,-14921.417469116259,-548.351977890000,,19,0,3,cpu,1,0.08296011,0.08296011,0.08296011,0.00000000,completed,structures/reference/11-TS.xyz,calculations/gxtb/raw_outputs/11-TS/gxtb.out,
12-P1,gxtb,gxtb,-21866.928646437747,-803.594805820000,,24,0,3,cpu,1,0.09998114,0.09998114,0.09998114,0.00000000,completed,structures/reference/12-P1.xyz,calculations/gxtb/raw_outputs/12-P1/gxtb.out,
12-R1,gxtb,gxtb,-17588.073114398332,-646.349765330000,,12,0,3,cpu,1,0.05913830,0.05913830,0.05913830,0.00000000,completed,structures/reference/12-R1.xyz,calculations/gxtb/raw_outputs/12-R1/gxtb.out,
12-R2,gxtb,gxtb,-4277.379202768883,-157.190786390000,,12,0,1,cpu,1,0.03976270,0.03976270,0.03976270,0.00000000,completed,structures/reference/12-R2.xyz,calculations/gxtb/raw_outputs/12-R2/gxtb.out,
12-TS,gxtb,gxtb,-21865.490238682974,-803.541945310000,,24,0,3,cpu,1,0.10530074,0.10530074,0.10530074,0.00000000,completed,structures/reference/12-TS.xyz,calculations/gxtb/raw_outputs/12-TS/gxtb.out,
13-P1,gxtb,gxtb,-12411.990205146423,-456.132226890000,,18,0,3,cpu,1,0.10039216,0.10039216,0.10039216,0.00000000,completed,structures/reference/13-P1.xyz,calculations/gxtb/raw_outputs/13-P1/gxtb.out,
13-R2,gxtb,gxtb,-7158.982795723114,-263.087765210000,,8,0,1,cpu,1,0.03842697,0.03842697,0.03842697,0.00000000,completed,structures/reference/13-R2.xyz,calculations/gxtb/raw_outputs/13-R2/gxtb.out,
13-TS,gxtb,gxtb,-12410.908900848888,-456.092489690000,,18,0,3,cpu,1,0.22869307,0.22869307,0.22869307,0.00000000,completed,structures/reference/13-TS.xyz,calculations/gxtb/raw_outputs/13-TS/gxtb.out,
14-P1,gxtb,gxtb,-10567.116349080761,-388.334363180000,,23,0,3,cpu,1,0.09924811,0.09924811,0.09924811,0.00000000,completed,structures/reference/14-P1.xyz,calculations/gxtb/raw_outputs/14-P1/gxtb.out,
14-R1,gxtb,gxtb,-5251.954869737948,-193.005781560000,,10,0,3,cpu,1,0.03525441,0.03525441,0.03525441,0.00000000,completed,structures/reference/14-R1.xyz,calculations/gxtb/raw_outputs/14-R1/gxtb.out,
14-R2,gxtb,gxtb,-5313.255447997113,-195.258536260000,,13,0,1,cpu,1,0.04077196,0.04077196,0.04077196,0.00000000,completed,structures/reference/14-R2.xyz,calculations/gxtb/raw_outputs/14-R2/gxtb.out,
14-TS,gxtb,gxtb,-10565.828143007906,-388.287022480000,,23,0,3,cpu,1,0.08550713,0.08550713,0.08550713,0.00000000,completed,structures/reference/14-TS.xyz,calculations/gxtb/raw_outputs/14-TS/gxtb.out,
15-P1,gxtb,gxtb,-10475.784117047824,-384.977965560000,,18,0,3,cpu,1,0.06989724,0.06989724,0.06989724,0.00000000,completed,structures/reference/15-P1.xyz,calculations/gxtb/raw_outputs/15-P1/gxtb.out,
15-R1,gxtb,gxtb,-8337.742418089616,-306.406382340000,,12,0,3,cpu,1,0.05081791,0.05081791,0.05081791,0.00000000,completed,structures/reference/15-R1.xyz,calculations/gxtb/raw_outputs/15-R1/gxtb.out,
15-R2,gxtb,gxtb,-2138.018274580587,-78.570722390000,,6,0,1,cpu,1,0.02448848,0.02448848,0.02448848,0.00000000,completed,structures/reference/15-R2.xyz,calculations/gxtb/raw_outputs/15-R2/gxtb.out,
15-TS,gxtb,gxtb,-10474.420275566330,-384.927845310000,,18,0,3,cpu,1,0.07067475,0.07067475,0.07067475,0.00000000,completed,structures/reference/15-TS.xyz,calculations/gxtb/raw_outputs/15-TS/gxtb.out,
16-P1,gxtb,gxtb,-12522.826298681184,-460.205378200000,,19,0,3,cpu,1,0.07382038,0.07382038,0.07382038,0.00000000,completed,structures/reference/16-P1.xyz,calculations/gxtb/raw_outputs/16-P1/gxtb.out,
16-R1,gxtb,gxtb,-10384.761721477875,-381.632954220000,,13,0,3,cpu,1,0.05846043,0.05846043,0.05846043,0.00000000,completed,structures/reference/16-R1.xyz,calculations/gxtb/raw_outputs/16-R1/gxtb.out,
16-TS,gxtb,gxtb,-12521.757143995495,-460.166087490000,,19,0,3,cpu,1,0.07136610,0.07136610,0.07136610,0.00000000,completed,structures/reference/16-TS.xyz,calculations/gxtb/raw_outputs/16-TS/gxtb.out,
17-P1,gxtb,gxtb,-17623.089435620510,-647.636591400000,,20,0,3,cpu,1,0.09242608,0.09242608,0.09242608,0.00000000,completed,structures/reference/17-P1.xyz,calculations/gxtb/raw_outputs/17-P1/gxtb.out,
17-R2,gxtb,gxtb,-9285.221913454741,-341.225611570000,,8,0,1,cpu,1,0.03587562,0.03587562,0.03587562,0.00000000,completed,structures/reference/17-R2.xyz,calculations/gxtb/raw_outputs/17-R2/gxtb.out,
17-TS,gxtb,gxtb,-17622.402280089333,-647.611338900000,,20,0,3,cpu,1,0.08958074,0.08958074,0.08958074,0.00000000,completed,structures/reference/17-TS.xyz,calculations/gxtb/raw_outputs/17-TS/gxtb.out,
18-P1,gxtb,gxtb,-15110.202215045425,-555.289689340000,,13,0,3,cpu,1,0.05399801,0.05399801,0.05399801,0.00000000,completed,structures/reference/18-P1.xyz,calculations/gxtb/raw_outputs/18-P1/gxtb.out,
18-R1,gxtb,gxtb,-10832.738390035480,-398.095793140000,,1,0,3,cpu,1,0.02238187,0.02238187,0.02238187,0.00000000,completed,structures/reference/18-R1.xyz,calculations/gxtb/raw_outputs/18-R1/gxtb.out,
18-TS,gxtb,gxtb,-15109.917121351724,-555.279212340000,,13,0,3,cpu,1,0.05019787,0.05019787,0.05019787,0.00000000,completed,structures/reference/18-TS.xyz,calculations/gxtb/raw_outputs/18-TS/gxtb.out,
19-P1,gxtb,gxtb,-15076.751510727010,-554.060398630000,,11,0,3,cpu,1,0.05024575,0.05024575,0.05024575,0.00000000,completed,structures/reference/19-P1.xyz,calculations/gxtb/raw_outputs/19-P1/gxtb.out,
19-R2,gxtb,gxtb,-4244.080801123515,-155.967092700000,,10,0,1,cpu,1,0.03661584,0.03661584,0.03661584,0.00000000,completed,structures/reference/19-R2.xyz,calculations/gxtb/raw_outputs/19-R2/gxtb.out,
19-TS,gxtb,gxtb,-15076.565261305395,-554.053554090000,,11,0,3,cpu,1,0.06213477,0.06213477,0.06213477,0.00000000,completed,structures/reference/19-TS.xyz,calculations/gxtb/raw_outputs/19-TS/gxtb.out,
2-P1,gxtb,gxtb,-16784.353831119512,-616.813626450000,,28,0,3,cpu,1,0.18706229,0.18706229,0.18706229,0.00000000,completed,structures/reference/2-P1.xyz,calculations/gxtb/raw_outputs/2-P1/gxtb.out,
2-TS,gxtb,gxtb,-16783.616662693094,-616.786536010000,,28,0,3,cpu,1,0.12568042,0.12568042,0.12568042,0.00000000,completed,structures/reference/2-TS.xyz,calculations/gxtb/raw_outputs/2-TS/gxtb.out,
20-P1,gxtb,gxtb,-21231.998836073584,-780.261565660000,,14,0,2,cpu,1,0.06080583,0.06080583,0.06080583,0.00000000,completed,structures/reference/20-P1.xyz,calculations/gxtb/raw_outputs/20-P1/gxtb.out,
20-P2,gxtb,gxtb,-6300.564491863943,-231.541474400000,,11,0,2,cpu,1,0.06732108,0.06732108,0.06732108,0.00000000,completed,structures/reference/20-P2.xyz,calculations/gxtb/raw_outputs/20-P2/gxtb.out,
20-R1,gxtb,gxtb,-27532.765987185619,-1011.810487650000,,25,0,3,cpu,1,0.13360612,0.13360612,0.13360612,0.00000000,completed,structures/reference/20-R1.xyz,calculations/gxtb/raw_outputs/20-R1/gxtb.out,
20-TS,gxtb,gxtb,-27532.344335054844,-1011.794992220000,,25,0,3,cpu,1,0.12600228,0.12600228,0.12600228,0.00000000,completed,structures/reference/20-TS.xyz,calculations/gxtb/raw_outputs/20-TS/gxtb.out,
21-P1,gxtb,gxtb,-24887.117635216604,-914.584704000000,,22,0,3,cpu,1,0.11761069,0.11761069,0.11761069,0.00000000,completed,structures/reference/21-P1.xyz,calculations/gxtb/raw_outputs/21-P1/gxtb.out,
21-R1,gxtb,gxtb,-24886.737651609474,-914.570739860000,,22,0,3,cpu,1,0.12341736,0.12341736,0.12341736,0.00000000,completed,structures/reference/21-R1.xyz,calculations/gxtb/raw_outputs/21-R1/gxtb.out,
21-TS,gxtb,gxtb,-24886.417913195146,-914.558989690000,,22,0,3,cpu,1,0.10802969,0.10802969,0.10802969,0.00000000,completed,structures/reference/21-TS.xyz,calculations/gxtb/raw_outputs/21-TS/gxtb.out,
22-P1,gxtb,gxtb,-16196.494697643806,-595.210201760000,,28,0,3,cpu,1,0.10931494,0.10931494,0.10931494,0.00000000,completed,structures/reference/22-P1.xyz,calculations/gxtb/raw_outputs/22-P1/gxtb.out,
22-R1,gxtb,gxtb,-16195.947757760019,-595.190102090000,,28,0,3,cpu,1,0.11713134,0.11713134,0.11713134,0.00000000,completed,structures/reference/22-R1.xyz,calculations/gxtb/raw_outputs/22-R1/gxtb.out,
22-TS,gxtb,gxtb,-16195.495461254506,-595.173480500000,,28,0,3,cpu,1,0.11523268,0.11523268,0.11523268,0.00000000,completed,structures/reference/22-TS.xyz,calculations/gxtb/raw_outputs/22-TS/gxtb.out,
23-P1,gxtb,gxtb,-8461.027812806404,-310.937037030000,,19,0,3,cpu,1,0.06589439,0.06589439,0.06589439,0.00000000,completed,structures/reference/23-P1.xyz,calculations/gxtb/raw_outputs/23-P1/gxtb.out,
23-R1,gxtb,gxtb,-8460.914187037197,-310.932861360000,,19,0,3,cpu,1,0.06055972,0.06055972,0.06055972,0.00000000,completed,structures/reference/23-R1.xyz,calculations/gxtb/raw_outputs/23-R1/gxtb.out,
23-TS,gxtb,gxtb,-8460.636732395958,-310.922665090000,,19,0,3,cpu,1,0.06079537,0.06079537,0.06079537,0.00000000,completed,structures/reference/23-TS.xyz,calculations/gxtb/raw_outputs/23-TS/gxtb.out,
24-P1,gxtb,gxtb,-12609.600310586975,-463.394264320000,,23,0,3,cpu,1,0.08975640,0.08975640,0.08975640,0.00000000,completed,structures/reference/24-P1.xyz,calculations/gxtb/raw_outputs/24-P1/gxtb.out,
24-R1,gxtb,gxtb,-12609.335523662376,-463.384533580000,,23,0,3,cpu,1,0.12004927,0.12004927,0.12004927,0.00000000,completed,structures/reference/24-R1.xyz,calculations/gxtb/raw_outputs/24-R1/gxtb.out,
24-TS,gxtb,gxtb,-12609.364189497217,-463.385587030000,,23,0,3,cpu,1,0.11503035,0.11503035,0.11503035,0.00000000,completed,structures/reference/24-TS.xyz,calculations/gxtb/raw_outputs/24-TS/gxtb.out,
25-P1,gxtb,gxtb,-10488.483829106981,-385.444671370000,,18,0,2,cpu,1,0.11988999,0.11988999,0.11988999,0.00000000,completed,structures/reference/25-P1.xyz,calculations/gxtb/raw_outputs/25-P1/gxtb.out,
25-R1,gxtb,gxtb,-10470.200084803117,-384.772756160000,,17,0,3,cpu,1,0.06427856,0.06427856,0.06427856,0.00000000,completed,structures/reference/25-R1.xyz,calculations/gxtb/raw_outputs/25-R1/gxtb.out,
25-R2,gxtb,gxtb,-1101.895591337618,-40.493916090000,,5,0,1,cpu,1,0.02250862,0.02250862,0.02250862,0.00000000,completed,structures/reference/25-R2.xyz,calculations/gxtb/raw_outputs/25-R2/gxtb.out,
25-TS,gxtb,gxtb,-11571.614096918256,-425.248974540000,,22,0,3,cpu,1,0.11879797,0.11879797,0.11879797,0.00000000,completed,structures/reference/25-TS.xyz,calculations/gxtb/raw_outputs/25-TS/gxtb.out,
26-P2,gxtb,gxtb,-3130.643269284992,-115.049018120000,,5,0,2,cpu,1,0.02573599,0.02573599,0.02573599,0.00000000,completed,structures/reference/26-P2.xyz,calculations/gxtb/raw_outputs/26-P2/gxtb.out,
26-R2,gxtb,gxtb,-3149.029501465558,-115.724699690000,,6,0,1,cpu,1,0.02521597,0.02521597,0.02521597,0.00000000,completed,structures/reference/26-R2.xyz,calculations/gxtb/raw_outputs/26-R2/gxtb.out,
26-TS,gxtb,gxtb,-13619.131438880195,-500.493849000000,,23,0,3,cpu,1,0.11077487,0.11077487,0.11077487,0.00000000,completed,structures/reference/26-TS.xyz,calculations/gxtb/raw_outputs/26-TS/gxtb.out,
27-P1,gxtb,gxtb,-2061.168559462007,-75.746547450000,,2,0,2,cpu,1,0.02313659,0.02313659,0.02313659,0.00000000,completed,structures/reference/27-P1.xyz,calculations/gxtb/raw_outputs/27-P1/gxtb.out,
27-P2,gxtb,gxtb,-14945.116770720711,-549.222911160000,,4,0,2,cpu,1,0.02743830,0.02743830,0.02743830,0.00000000,completed,structures/reference/27-P2.xyz,calculations/gxtb/raw_outputs/27-P2/gxtb.out,
27-R1,gxtb,gxtb,-14926.647261085795,-548.544169200000,,3,0,3,cpu,1,0.02719142,0.02719142,0.02719142,0.00000000,completed,structures/reference/27-R1.xyz,calculations/gxtb/raw_outputs/27-R1/gxtb.out,
27-R2,gxtb,gxtb,-2079.962380928939,-76.437207650000,,3,0,1,cpu,1,0.02106399,0.02106399,0.02106399,0.00000000,completed,structures/reference/27-R2.xyz,calculations/gxtb/raw_outputs/27-R2/gxtb.out,
27-TS,gxtb,gxtb,-17006.455676998103,-624.975718740000,,6,0,3,cpu,1,0.03425337,0.03425337,0.03425337,0.00000000,completed,structures/reference/27-TS.xyz,calculations/gxtb/raw_outputs/27-TS/gxtb.out,
28-TS,gxtb,gxtb,-16028.556449136777,-589.038584960000,,8,0,3,cpu,1,0.03889106,0.03889106,0.03889106,0.00000000,completed,structures/reference/28-TS.xyz,calculations/gxtb/raw_outputs/28-TS/gxtb.out,
29-P1,gxtb,gxtb,-4292.580792809912,-157.749434520000,,13,0,2,cpu,1,0.04982942,0.04982942,0.04982942,0.00000000,completed,structures/reference/29-P1.xyz,calculations/gxtb/raw_outputs/29-P1/gxtb.out,
29-R1,gxtb,gxtb,-4310.583189339508,-158.411010390000,,14,0,1,cpu,1,0.04019691,0.04019691,0.04019691,0.00000000,completed,structures/reference/29-R1.xyz,calculations/gxtb/raw_outputs/29-R1/gxtb.out,
29-TS,gxtb,gxtb,-19237.436100748972,-706.962737100000,,17,0,3,cpu,1,0.07156556,0.07156556,0.07156556,0.00000000,completed,structures/reference/29-TS.xyz,calculations/gxtb/raw_outputs/29-TS/gxtb.out,
3-P1,gxtb,gxtb,-22700.721805765690,-834.236139260000,,21,0,3,cpu,1,0.10347084,0.10347084,0.10347084,0.00000000,completed,structures/reference/3-P1.xyz,calculations/gxtb/raw_outputs/3-P1/gxtb.out,
3-R1,gxtb,gxtb,-22700.191695852187,-834.216658080000,,21,0,3,cpu,1,0.09411337,0.09411337,0.09411337,0.00000000,completed,structures/reference/3-R1.xyz,calculations/gxtb/raw_outputs/3-R1/gxtb.out,
3-TS,gxtb,gxtb,-22699.653340072302,-834.196873870000,,21,0,3,cpu,1,0.10514130,0.10514130,0.10514130,0.00000000,completed,structures/reference/3-TS.xyz,calculations/gxtb/raw_outputs/3-TS/gxtb.out,
30-P1,gxtb,gxtb,-3190.112867650749,-117.234485550000,,8,0,2,cpu,1,0.03089807,0.03089807,0.03089807,0.00000000,completed,structures/reference/30-P1.xyz,calculations/gxtb/raw_outputs/30-P1/gxtb.out,
30-R1,gxtb,gxtb,-3207.682633887900,-117.880162550000,,9,0,1,cpu,1,0.02919456,0.02919456,0.02919456,0.00000000,completed,structures/reference/30-R1.xyz,calculations/gxtb/raw_outputs/30-R1/gxtb.out,
30-TS,gxtb,gxtb,-18134.551009800278,-666.432457570000,,12,0,3,cpu,1,0.05388109,0.05388109,0.05388109,0.00000000,completed,structures/reference/30-TS.xyz,calculations/gxtb/raw_outputs/30-TS/gxtb.out,
31-P1,gxtb,gxtb,-20520.987214005912,-754.132370490000,,26,0,3,cpu,1,0.12242026,0.12242026,0.12242026,0.00000000,completed,structures/reference/31-P1.xyz,calculations/gxtb/raw_outputs/31-P1/gxtb.out,
31-R1,gxtb,gxtb,-20520.699787207956,-754.121807750000,,26,0,3,cpu,1,0.12750134,0.12750134,0.12750134,0.00000000,completed,structures/reference/31-R1.xyz,calculations/gxtb/raw_outputs/31-R1/gxtb.out,
31-TS,gxtb,gxtb,-20520.444210521258,-754.112415480000,,26,0,3,cpu,1,0.11810212,0.11810212,0.11810212,0.00000000,completed,structures/reference/31-TS.xyz,calculations/gxtb/raw_outputs/31-TS/gxtb.out,
32-P1,gxtb,gxtb,-15302.935977212393,-562.372524460000,,19,0,3,cpu,1,0.06972886,0.06972886,0.06972886,0.00000000,completed,structures/reference/32-P1.xyz,calculations/gxtb/raw_outputs/32-P1/gxtb.out,
32-R1,gxtb,gxtb,-15302.790873855807,-562.367192010000,,19,0,3,cpu,1,0.06301508,0.06301508,0.06301508,0.00000000,completed,structures/reference/32-R1.xyz,calculations/gxtb/raw_outputs/32-R1/gxtb.out,
32-TS,gxtb,gxtb,-15302.519569804201,-562.357221770000,,19,0,3,cpu,1,0.06820387,0.06820387,0.06820387,0.00000000,completed,structures/reference/32-TS.xyz,calculations/gxtb/raw_outputs/32-TS/gxtb.out,
33-P1,gxtb,gxtb,-18478.343554316096,-679.066600550000,,26,0,3,cpu,1,0.09399894,0.09399894,0.09399894,0.00000000,completed,structures/reference/33-P1.xyz,calculations/gxtb/raw_outputs/33-P1/gxtb.out,
33-R1,gxtb,gxtb,-18478.300987272480,-679.065036240000,,26,0,3,cpu,1,0.09830844,0.09830844,0.09830844,0.00000000,completed,structures/reference/33-R1.xyz,calculations/gxtb/raw_outputs/33-R1/gxtb.out,
33-TS,gxtb,gxtb,-18477.943404622729,-679.051895320000,,26,0,3,cpu,1,0.09934624,0.09934624,0.09934624,0.00000000,completed,structures/reference/33-TS.xyz,calculations/gxtb/raw_outputs/33-TS/gxtb.out,
34-P1,gxtb,gxtb,-31018.032952050860,-1139.891686210000,,28,0,3,cpu,1,0.11001707,0.11001707,0.11001707,0.00000000,completed,structures/reference/34-P1.xyz,calculations/gxtb/raw_outputs/34-P1/gxtb.out,
34-R1,gxtb,gxtb,-31017.956581662682,-1139.888879650000,,28,0,3,cpu,1,0.11520127,0.11520127,0.11520127,0.00000000,completed,structures/reference/34-R1.xyz,calculations/gxtb/raw_outputs/34-R1/gxtb.out,
34-TS,gxtb,gxtb,-31017.659861359978,-1139.877975380000,,28,0,3,cpu,1,0.11512198,0.11512198,0.11512198,0.00000000,completed,structures/reference/34-TS.xyz,calculations/gxtb/raw_outputs/34-TS/gxtb.out,
35-P1,gxtb,gxtb,-88537.995351529447,-3253.711315960000,,28,0,3,cpu,1,0.10573710,0.10573710,0.10573710,0.00000000,completed,structures/reference/35-P1.xyz,calculations/gxtb/raw_outputs/35-P1/gxtb.out,
35-R1,gxtb,gxtb,-88537.942175854798,-3253.709361790000,,28,0,3,cpu,1,0.11127707,0.11127707,0.11127707,0.00000000,completed,structures/reference/35-R1.xyz,calculations/gxtb/raw_outputs/35-R1/gxtb.out,
35-TS,gxtb,gxtb,-88537.591452379187,-3253.696472940000,,28,0,3,cpu,1,0.11403703,0.11403703,0.11403703,0.00000000,completed,structures/reference/35-TS.xyz,calculations/gxtb/raw_outputs/35-TS/gxtb.out,
36-P1,gxtb,gxtb,-29249.604658071268,-1074.903145090000,,23,0,3,cpu,1,0.13167863,0.13167863,0.13167863,0.00000000,completed,structures/reference/36-P1.xyz,calculations/gxtb/raw_outputs/36-P1/gxtb.out,
36-R1,gxtb,gxtb,-29249.300162387059,-1074.891955080000,,23,0,3,cpu,1,0.09712158,0.09712158,0.09712158,0.00000000,completed,structures/reference/36-R1.xyz,calculations/gxtb/raw_outputs/36-R1/gxtb.out,
36-TS,gxtb,gxtb,-29249.018520729820,-1074.881604940000,,23,0,3,cpu,1,0.10642369,0.10642369,0.10642369,0.00000000,completed,structures/reference/36-TS.xyz,calculations/gxtb/raw_outputs/36-TS/gxtb.out,
37-P1,gxtb,gxtb,-20461.215364351086,-751.935795530000,,23,0,3,cpu,1,0.10004185,0.10004185,0.10004185,0.00000000,completed,structures/reference/37-P1.xyz,calculations/gxtb/raw_outputs/37-P1/gxtb.out,
37-R1,gxtb,gxtb,-20460.958364508890,-751.926350960000,,23,0,3,cpu,1,0.10031715,0.10031715,0.10031715,0.00000000,completed,structures/reference/37-R1.xyz,calculations/gxtb/raw_outputs/37-R1/gxtb.out,
37-TS,gxtb,gxtb,-20460.593211651489,-751.912931840000,,23,0,3,cpu,1,0.09934021,0.09934021,0.09934021,0.00000000,completed,structures/reference/37-TS.xyz,calculations/gxtb/raw_outputs/37-TS/gxtb.out,
38-P1,gxtb,gxtb,-9477.614106056426,-348.295894240000,,18,0,2,cpu,1,0.07079844,0.07079844,0.07079844,0.00000000,completed,structures/reference/38-P1.xyz,calculations/gxtb/raw_outputs/38-P1/gxtb.out,
38-P2,gxtb,gxtb,-12520.662933337466,-460.125875990000,,1,0,2,cpu,1,0.02200430,0.02200430,0.02200430,0.00000000,completed,structures/reference/38-P2.xyz,calculations/gxtb/raw_outputs/38-P2/gxtb.out,
38-R1,gxtb,gxtb,-21998.726864833421,-808.438301010000,,19,0,3,cpu,1,0.11115699,0.11115699,0.11115699,0.00000000,completed,structures/reference/38-R1.xyz,calculations/gxtb/raw_outputs/38-R1/gxtb.out,
38-TS,gxtb,gxtb,-21998.352785824987,-808.424553860000,,19,0,3,cpu,1,0.13349422,0.13349422,0.13349422,0.00000000,completed,structures/reference/38-TS.xyz,calculations/gxtb/raw_outputs/38-TS/gxtb.out,
39-P2,gxtb,gxtb,-70041.343898450388,-2573.971912540000,,1,0,2,cpu,1,0.02373989,0.02373989,0.02373989,0.00000000,completed,structures/reference/39-P2.xyz,calculations/gxtb/raw_outputs/39-P2/gxtb.out,
39-R1,gxtb,gxtb,-79518.793920936194,-2922.261776820000,,19,0,3,cpu,1,0.10500848,0.10500848,0.10500848,0.00000000,completed,structures/reference/39-R1.xyz,calculations/gxtb/raw_outputs/39-R1/gxtb.out,
39-TS,gxtb,gxtb,-79518.752929431837,-2922.260270410000,,19,0,3,cpu,1,0.10382991,0.10382991,0.10382991,0.00000000,completed,structures/reference/39-TS.xyz,calculations/gxtb/raw_outputs/39-TS/gxtb.out,
4-P1,gxtb,gxtb,-22700.903620003464,-834.242820810000,,21,0,3,cpu,1,0.10425434,0.10425434,0.10425434,0.00000000,completed,structures/reference/4-P1.xyz,calculations/gxtb/raw_outputs/4-P1/gxtb.out,
4-TS,gxtb,gxtb,-22699.677096700951,-834.197746910000,,21,0,3,cpu,1,0.11314768,0.11314768,0.11314768,0.00000000,completed,structures/reference/4-TS.xyz,calculations/gxtb/raw_outputs/4-TS/gxtb.out,
40-P1,gxtb,gxtb,-12594.019704031482,-462.821687590000,,22,0,2,cpu,1,0.15018283,0.15018283,0.15018283,0.00000000,completed,structures/reference/40-P1.xyz,calculations/gxtb/raw_outputs/40-P1/gxtb.out,
40-R1,gxtb,gxtb,-25115.274381888641,-922.969309790000,,23,0,3,cpu,1,0.12303690,0.12303690,0.12303690,0.00000000,completed,structures/reference/40-R1.xyz,calculations/gxtb/raw_outputs/40-R1/gxtb.out,
40-TS,gxtb,gxtb,-25114.902779116361,-922.955653640000,,23,0,3,cpu,1,0.10251899,0.10251899,0.10251899,0.00000000,completed,structures/reference/40-TS.xyz,calculations/gxtb/raw_outputs/40-TS/gxtb.out,
41-P1,gxtb,gxtb,-22387.176284982364,-822.713553900000,,21,0,2,cpu,1,0.11101635,0.11101635,0.11101635,0.00000000,completed,structures/reference/41-P1.xyz,calculations/gxtb/raw_outputs/41-P1/gxtb.out,
41-R1,gxtb,gxtb,-34908.470791873464,-1282.862639790000,,22,0,3,cpu,1,0.13567453,0.13567453,0.13567453,0.00000000,completed,structures/reference/41-R1.xyz,calculations/gxtb/raw_outputs/41-R1/gxtb.out,
41-TS,gxtb,gxtb,-34908.185924578494,-1282.852171110000,,22,0,3,cpu,1,0.14794462,0.14794462,0.14794462,0.00000000,completed,structures/reference/41-TS.xyz,calculations/gxtb/raw_outputs/41-TS/gxtb.out,
42-P1,gxtb,gxtb,-13860.841652677946,-509.376535520000,,17,0,3,cpu,1,0.06991128,0.06991128,0.06991128,0.00000000,completed,structures/reference/42-P1.xyz,calculations/gxtb/raw_outputs/42-P1/gxtb.out,
42-R1,gxtb,gxtb,-11721.940159358115,-430.773355440000,,11,0,3,cpu,1,0.05393439,0.05393439,0.05393439,0.00000000,completed,structures/reference/42-R1.xyz,calculations/gxtb/raw_outputs/42-R1/gxtb.out,
42-TS,gxtb,gxtb,-13859.683973366293,-509.333991590000,,17,0,3,cpu,1,0.08577469,0.08577469,0.08577469,0.00000000,completed,structures/reference/42-TS.xyz,calculations/gxtb/raw_outputs/42-TS/gxtb.out,
43-P1,gxtb,gxtb,-8291.218156721536,-304.696647270000,,15,0,3,cpu,1,0.05469753,0.05469753,0.05469753,0.00000000,completed,structures/reference/43-P1.xyz,calculations/gxtb/raw_outputs/43-P1/gxtb.out,
43-R1,gxtb,gxtb,-8290.433370546101,-304.667806910000,,15,0,3,cpu,1,0.05612731,0.05612731,0.05612731,0.00000000,completed,structures/reference/43-R1.xyz,calculations/gxtb/raw_outputs/43-R1/gxtb.out,
43-TS,gxtb,gxtb,-8290.081722427580,-304.654884080000,,15,0,3,cpu,1,0.05662567,0.05662567,0.05662567,0.00000000,completed,structures/reference/43-TS.xyz,calculations/gxtb/raw_outputs/43-TS/gxtb.out,
44-P1,gxtb,gxtb,-2980.314133863284,-109.524524290000,,2,0,1,cpu,1,0.02274152,0.02274152,0.02274152,0.00000000,completed,structures/reference/44-P1.xyz,calculations/gxtb/raw_outputs/44-P1/gxtb.out,
44-P2,gxtb,gxtb,-5311.451836227536,-195.192254750000,,13,0,3,cpu,1,0.04491060,0.04491060,0.04491060,0.00000000,completed,structures/reference/44-P2.xyz,calculations/gxtb/raw_outputs/44-P2/gxtb.out,
44-TS,gxtb,gxtb,-8291.203837545863,-304.696121050000,,15,0,3,cpu,1,0.05391178,0.05391178,0.05391178,0.00000000,completed,structures/reference/44-TS.xyz,calculations/gxtb/raw_outputs/44-TS/gxtb.out,
45-P1,gxtb,gxtb,-11499.786916885298,-422.609374360000,,24,0,3,cpu,1,0.09328575,0.09328575,0.09328575,0.00000000,completed,structures/reference/45-P1.xyz,calculations/gxtb/raw_outputs/45-P1/gxtb.out,
45-R1,gxtb,gxtb,-11499.351216604256,-422.593362670000,,24,0,3,cpu,1,0.08212436,0.08212436,0.08212436,0.00000000,completed,structures/reference/45-R1.xyz,calculations/gxtb/raw_outputs/45-R1/gxtb.out,
45-TS,gxtb,gxtb,-11498.909860708698,-422.577143140000,,24,0,3,cpu,1,0.09307048,0.09307048,0.09307048,0.00000000,completed,structures/reference/45-TS.xyz,calculations/gxtb/raw_outputs/45-TS/gxtb.out,
46-P1,gxtb,gxtb,-8520.510394268766,-313.122981580000,,22,0,3,cpu,1,0.10426841,0.10426841,0.10426841,0.00000000,completed,structures/reference/46-P1.xyz,calculations/gxtb/raw_outputs/46-P1/gxtb.out,
46-TS,gxtb,gxtb,-11499.800059984853,-422.609857360000,,24,0,3,cpu,1,0.08634283,0.08634283,0.08634283,0.00000000,completed,structures/reference/46-TS.xyz,calculations/gxtb/raw_outputs/46-TS/gxtb.out,
47-P1,gxtb,gxtb,-8422.630415345429,-309.525958700000,,16,0,3,cpu,1,0.10005916,0.10005916,0.10005916,0.00000000,completed,structures/reference/47-P1.xyz,calculations/gxtb/raw_outputs/47-P1/gxtb.out,
47-R1,gxtb,gxtb,-11403.011207581032,-419.052932640000,,18,0,3,cpu,1,0.08791574,0.08791574,0.08791574,0.00000000,completed,structures/reference/47-R1.xyz,calculations/gxtb/raw_outputs/47-R1/gxtb.out,
47-TS,gxtb,gxtb,-11402.569455759804,-419.036698560000,,18,0,3,cpu,1,0.09453959,0.09453959,0.09453959,0.00000000,completed,structures/reference/47-TS.xyz,calculations/gxtb/raw_outputs/47-TS/gxtb.out,
48-P1,gxtb,gxtb,-25892.050237605257,-951.515295970000,,34,0,3,cpu,1,0.15637269,0.15637269,0.15637269,0.00000000,completed,structures/reference/48-P1.xyz,calculations/gxtb/raw_outputs/48-P1/gxtb.out,
48-R1,gxtb,gxtb,-28871.384678296843,-1061.003817200000,,36,0,3,cpu,1,0.18833491,0.18833491,0.18833491,0.00000000,completed,structures/reference/48-R1.xyz,calculations/gxtb/raw_outputs/48-R1/gxtb.out,
48-TS,gxtb,gxtb,-28871.353521803823,-1061.002672220000,,36,0,3,cpu,1,0.19433140,0.19433140,0.19433140,0.00000000,completed,structures/reference/48-TS.xyz,calculations/gxtb/raw_outputs/48-TS/gxtb.out,
49-P1,gxtb,gxtb,-12986.862345890158,-477.258388400000,,19,0,3,cpu,1,0.07659401,0.07659401,0.07659401,0.00000000,completed,structures/reference/49-P1.xyz,calculations/gxtb/raw_outputs/49-P1/gxtb.out,
49-R1,gxtb,gxtb,-15965.645385935411,-586.726646030000,,21,0,3,cpu,1,0.09756638,0.09756638,0.09756638,0.00000000,completed,structures/reference/49-R1.xyz,calculations/gxtb/raw_outputs/49-R1/gxtb.out,
49-TS,gxtb,gxtb,-15965.313336545720,-586.714443440000,,21,0,3,cpu,1,0.09524465,0.09524465,0.09524465,0.00000000,completed,structures/reference/49-TS.xyz,calculations/gxtb/raw_outputs/49-TS/gxtb.out,
5-P1,gxtb,gxtb,-11975.772422043483,-440.101519040000,,19,0,3,cpu,1,0.07800835,0.07800835,0.07800835,0.00000000,completed,structures/reference/5-P1.xyz,calculations/gxtb/raw_outputs/5-P1/gxtb.out,
5-R1,gxtb,gxtb,-4648.591964321182,-170.832603760000,,7,0,1,cpu,1,0.03432369,0.03432369,0.03432369,0.00000000,completed,structures/reference/5-R1.xyz,calculations/gxtb/raw_outputs/5-R1/gxtb.out,
5-R2,gxtb,gxtb,-7326.269842287271,-269.235450780000,,12,0,3,cpu,1,0.04719320,0.04719320,0.04719320,0.00000000,completed,structures/reference/5-R2.xyz,calculations/gxtb/raw_outputs/5-R2/gxtb.out,
5-TS,gxtb,gxtb,-11974.956909314928,-440.071549500000,,19,0,3,cpu,1,0.09848524,0.09848524,0.09848524,0.00000000,completed,structures/reference/5-TS.xyz,calculations/gxtb/raw_outputs/5-TS/gxtb.out,
50-R1,gxtb,gxtb,-17551.568280007436,-645.008237410000,,22,0,3,cpu,1,0.08400901,0.08400901,0.08400901,0.00000000,completed,structures/reference/50-R1.xyz,calculations/gxtb/raw_outputs/50-R1/gxtb.out,
50-R2,gxtb,gxtb,-11318.903082668523,-415.962016060000,,14,0,1,cpu,1,0.05431917,0.05431917,0.05431917,0.00000000,completed,structures/reference/50-R2.xyz,calculations/gxtb/raw_outputs/50-R2/gxtb.out,
50-TS,gxtb,gxtb,-28870.361993856015,-1060.966234240000,,36,0,3,cpu,1,0.20325505,0.20325505,0.20325505,0.00000000,completed,structures/reference/50-TS.xyz,calculations/gxtb/raw_outputs/50-TS/gxtb.out,
6-P1,gxtb,gxtb,-11976.681506021692,-440.134927260000,,19,0,3,cpu,1,0.07962479,0.07962479,0.07962479,0.00000000,completed,structures/reference/6-P1.xyz,calculations/gxtb/raw_outputs/6-P1/gxtb.out,
6-TS,gxtb,gxtb,-11974.725509944910,-440.063045730000,,19,0,3,cpu,1,0.11096376,0.11096376,0.11096376,0.00000000,completed,structures/reference/6-TS.xyz,calculations/gxtb/raw_outputs/6-TS/gxtb.out,
7-P1,gxtb,gxtb,-16762.743152527833,-616.019448660000,,28,0,3,cpu,1,0.17156557,0.17156557,0.17156557,0.00000000,completed,structures/reference/7-P1.xyz,calculations/gxtb/raw_outputs/7-P1/gxtb.out,
7-R1,gxtb,gxtb,-16762.023511499530,-615.993002340000,,28,0,3,cpu,1,0.14069765,0.14069765,0.14069765,0.00000000,completed,structures/reference/7-R1.xyz,calculations/gxtb/raw_outputs/7-R1/gxtb.out,
7-TS,gxtb,gxtb,-16761.714962679340,-615.981663380000,,28,0,3,cpu,1,0.12999096,0.12999096,0.12999096,0.00000000,completed,structures/reference/7-TS.xyz,calculations/gxtb/raw_outputs/7-TS/gxtb.out,
8-P1,gxtb,gxtb,-30356.794594405783,-1115.591624770000,,15,0,3,cpu,1,0.06661688,0.06661688,0.06661688,0.00000000,completed,structures/reference/8-P1.xyz,calculations/gxtb/raw_outputs/8-P1/gxtb.out,
8-R1,gxtb,gxtb,-4277.281282867591,-157.187187900000,,12,0,1,cpu,1,0.03843399,0.03843399,0.03843399,0.00000000,completed,structures/reference/8-R1.xyz,calculations/gxtb/raw_outputs/8-R1/gxtb.out,
8-R2,gxtb,gxtb,-26078.067456571232,-958.351302680000,,3,0,3,cpu,1,0.03697079,0.03697079,0.03697079,0.00000000,completed,structures/reference/8-R2.xyz,calculations/gxtb/raw_outputs/8-R2/gxtb.out,
8-TS,gxtb,gxtb,-30355.457878322552,-1115.542501360000,,15,0,3,cpu,1,0.06772660,0.06772660,0.06772660,0.00000000,completed,structures/reference/8-TS.xyz,calculations/gxtb/raw_outputs/8-TS/gxtb.out,
9-P1,gxtb,gxtb,-16730.983110684854,-614.852288650000,,26,0,3,cpu,1,0.12308569,0.12308569,0.12308569,0.00000000,completed,structures/reference/9-P1.xyz,calculations/gxtb/raw_outputs/9-P1/gxtb.out,
9-R1,gxtb,gxtb,-16730.469133313796,-614.833400330000,,26,0,3,cpu,1,0.11945105,0.11945105,0.11945105,0.00000000,completed,structures/reference/9-R1.xyz,calculations/gxtb/raw_outputs/9-R1/gxtb.out,
9-TS,gxtb,gxtb,-16730.045981835636,-614.817849800000,,26,0,3,cpu,1,0.12439679,0.12439679,0.12439679,0.00000000,completed,structures/reference/9-TS.xyz,calculations/gxtb/raw_outputs/9-TS/gxtb.out,
